09:35:46  INFO     🎯 30 date(s) à traiter entre 2025-01-01 et 2026-09-12.
09:35:46  INFO     🧵 90 tâche(s) (date × personnage) à traiter avec 3 worker(s) en parallèle.
09:35:46  INFO     ▶️  2025-01-01 — Tom Holland…
09:35:46  INFO     ▶️  2025-01-01 — Andrew Garfield…
09:35:46  INFO     ▶️  2025-01-01 — Tobey Maguire…
09:36:03  INFO     ✔️  2025-01-01 — Tom Holland : ❌ Pas lui. (3/7 exacts, 3/7 partiels)
09:36:03  INFO     ✔️  2025-01-01 — Tobey Maguire : ❌ Pas lui. (3/7 exacts, 2/7 partiels)
09:36:03  INFO     ✔️  2025-01-01 — Andrew Garfield : ❌ Pas lui. (3/7 exacts, 2/7 partiels)
09:36:08  INFO     ▶️  2025-01-02 — Tom Holland…
09:36:11  INFO     ▶️  2025-01-02 — Andrew Garfield…
09:36:12  INFO     ▶️  2025-01-02 — Tobey Maguire…
09:36:24  INFO     ✔️  2025-01-02 — Tom Holland : ❌ Pas lui. (3/7 exacts, 2/7 partiels)
09:36:27  INFO     ✔️  2025-01-02 — Andrew Garfield : ❌ Pas lui. (3/7 exacts, 2/7 partiels)
09:36:29  INFO     ✔️  2025-01-02 — Tobey Maguire : ❌ Pas lui. (3/7 exacts, 2/7 partiels)
09:36:33  INFO     ▶️  2025-01-03 — Tom Holland…
09:36:36  INFO     ▶️  2025-01-03 — Andrew Garfield…
09:36:37  INFO     ▶️  2025-01-03 — Tobey Maguire…
09:36:50  INFO     ✔️  2025-01-03 — Tom Holland : ❌ Pas lui. (2/7 exacts, 1/7 partiels)
09:36:53  INFO     ✔️  2025-01-03 — Andrew Garfield : ❌ Pas lui. (2/7 exacts, 1/7 partiels)
09:36:53  INFO     ✔️  2025-01-03 — Tobey Maguire : ❌ Pas lui. (2/7 exacts, 1/7 partiels)
09:36:56  INFO     ▶️  2025-01-04 — Tom Holland…
09:36:58  INFO     ▶️  2025-01-04 — Andrew Garfield…
09:37:03  INFO     ▶️  2025-01-04 — Tobey Maguire…
09:37:12  INFO     ✔️  2025-01-04 — Tom Holland : ❌ Pas lui. (2/7 exacts, 1/7 partiels)
09:37:15  INFO     ✔️  2025-01-04 — Andrew Garfield : ❌ Pas lui. (2/7 exacts, 1/7 partiels)
09:37:17  INFO     ▶️  2025-01-05 — Tom Holland…
09:37:19  INFO     ▶️  2025-01-05 — Andrew Garfield…
09:37:20  INFO     ✔️  2025-01-04 — Tobey Maguire : ❌ Pas lui. (2/7 exacts, 1/7 partiels)
09:37:26  INFO     ▶️  2025-01-05 — Tobey Maguire…
09:37:33  INFO     ✔️  2025-01-05 — Tom Holland : ❌ Pas lui. (2/7 exacts, 1/7 partiels)
09:37:36  INFO     ✔️  2025-01-05 — Andrew Garfield : ❌ Pas lui. (2/7 exacts, 1/7 partiels)
09:37:37  INFO     ▶️  2025-01-06 — Tom Holland…
09:37:40  INFO     ▶️  2025-01-06 — Andrew Garfield…
09:37:43  INFO     ✔️  2025-01-05 — Tobey Maguire : ❌ Pas lui. (2/7 exacts, 1/7 partiels)
09:37:52  INFO     ▶️  2025-01-06 — Tobey Maguire…
09:37:54  INFO     ✔️  2025-01-06 — Tom Holland : ❌ Pas lui. (1/7 exacts, 2/7 partiels)
09:37:57  INFO     ✔️  2025-01-06 — Andrew Garfield : ❌ Pas lui. (1/7 exacts, 2/7 partiels)
09:38:01  INFO     ▶️  2025-01-07 — Tom Holland…
09:38:02  INFO     ▶️  2025-01-07 — Andrew Garfield…
09:38:09  INFO     ✔️  2025-01-06 — Tobey Maguire : ❌ Pas lui. (1/7 exacts, 2/7 partiels)
09:38:16  INFO     ▶️  2025-01-07 — Tobey Maguire…
09:38:17  INFO     ✔️  2025-01-07 — Tom Holland : ❌ Pas lui. (1/7 exacts, 2/7 partiels)
09:38:18  INFO     ✔️  2025-01-07 — Andrew Garfield : ❌ Pas lui. (1/7 exacts, 2/7 partiels)
09:38:24  INFO     ▶️  2025-01-08 — Tom Holland…
09:38:24  INFO     ▶️  2025-01-08 — Andrew Garfield…
09:38:32  INFO     ✔️  2025-01-07 — Tobey Maguire : ❌ Pas lui. (1/7 exacts, 2/7 partiels)
09:38:40  INFO     ✔️  2025-01-08 — Tom Holland : ❌ Pas lui. (3/7 exacts, 2/7 partiels)
09:38:40  INFO     ▶️  2025-01-08 — Tobey Maguire…
09:38:41  INFO     ✔️  2025-01-08 — Andrew Garfield : ❌ Pas lui. (4/7 exacts, 2/7 partiels)
09:38:48  INFO     ▶️  2025-01-09 — Tom Holland…
09:38:49  INFO     ▶️  2025-01-09 — Andrew Garfield…
09:38:57  INFO     ✔️  2025-01-08 — Tobey Maguire : ❌ Pas lui. (4/7 exacts, 2/7 partiels)
09:39:02  INFO     ▶️  2025-01-09 — Tobey Maguire…
09:39:05  INFO     ✔️  2025-01-09 — Tom Holland : ❌ Pas lui. (3/7 exacts, 1/7 partiels)
09:39:06  INFO     ✔️  2025-01-09 — Andrew Garfield : ❌ Pas lui. (4/7 exacts, 1/7 partiels)
09:39:11  INFO     ▶️  2025-01-10 — Tom Holland…
09:39:14  INFO     ▶️  2025-01-10 — Andrew Garfield…
09:39:19  INFO     ✔️  2025-01-09 — Tobey Maguire : ❌ Pas lui. (4/7 exacts, 1/7 partiels)
09:39:27  INFO     ▶️  2025-01-10 — Tobey Maguire…
09:39:28  INFO     ✔️  2025-01-10 — Tom Holland : ❌ Pas lui. (2/7 exacts, 2/7 partiels)
09:39:31  INFO     ✔️  2025-01-10 — Andrew Garfield : ❌ Pas lui. (2/7 exacts, 2/7 partiels)
09:39:36  INFO     ▶️  2025-01-11 — Tom Holland…
09:39:36  INFO     ▶️  2025-01-11 — Andrew Garfield…
09:39:44  INFO     ✔️  2025-01-10 — Tobey Maguire : ❌ Pas lui. (2/7 exacts, 2/7 partiels)
09:39:51  INFO     ▶️  2025-01-11 — Tobey Maguire…
09:39:52  INFO     ✔️  2025-01-11 — Tom Holland : ❌ Pas lui. (4/7 exacts, 1/7 partiels)
09:39:53  INFO     ✔️  2025-01-11 — Andrew Garfield : ❌ Pas lui. (4/7 exacts, 1/7 partiels)
09:39:58  INFO     ▶️  2025-01-12 — Tom Holland…
09:40:02  INFO     ▶️  2025-01-12 — Andrew Garfield…
09:40:08  INFO     ✔️  2025-01-11 — Tobey Maguire : ❌ Pas lui. (4/7 exacts, 1/7 partiels)
09:40:14  INFO     ✔️  2025-01-12 — Tom Holland : ❌ Pas lui. (2/7 exacts, 1/7 partiels)
09:40:15  INFO     ▶️  2025-01-12 — Tobey Maguire…
09:40:19  INFO     ✔️  2025-01-12 — Andrew Garfield : ❌ Pas lui. (3/7 exacts, 1/7 partiels)
09:40:22  INFO     ▶️  2025-01-13 — Tom Holland…
09:40:29  INFO     ▶️  2025-01-13 — Andrew Garfield…
09:40:32  INFO     ✔️  2025-01-12 — Tobey Maguire : ❌ Pas lui. (3/7 exacts, 1/7 partiels)
09:40:37  INFO     ▶️  2025-01-13 — Tobey Maguire…
09:40:39  INFO     ✔️  2025-01-13 — Tom Holland : ❌ Pas lui. (3/7 exacts, 1/7 partiels)
09:40:43  INFO     ▶️  2025-01-14 — Tom Holland…
09:40:46  INFO     ✔️  2025-01-13 — Andrew Garfield : ❌ Pas lui. (3/7 exacts, 1/7 partiels)
09:40:51  INFO     ▶️  2025-01-14 — Andrew Garfield…
09:40:54  INFO     ✔️  2025-01-13 — Tobey Maguire : ❌ Pas lui. (3/7 exacts, 1/7 partiels)
09:40:59  INFO     ✔️  2025-01-14 — Tom Holland : ❌ Pas lui. (2/7 exacts, 0/7 partiels)
09:41:03  INFO     ▶️  2025-01-14 — Tobey Maguire…
09:41:06  INFO     ▶️  2025-01-15 — Tom Holland…
09:41:08  INFO     ✔️  2025-01-14 — Andrew Garfield : ❌ Pas lui. (2/7 exacts, 0/7 partiels)
09:41:16  INFO     ▶️  2025-01-15 — Andrew Garfield…
09:41:19  INFO     ✔️  2025-01-14 — Tobey Maguire : ❌ Pas lui. (2/7 exacts, 0/7 partiels)
09:41:22  INFO     ✔️  2025-01-15 — Tom Holland : ❌ Pas lui. (2/7 exacts, 1/7 partiels)
09:41:25  INFO     ▶️  2025-01-15 — Tobey Maguire…
09:41:27  INFO     ▶️  2025-01-16 — Tom Holland…
09:41:32  INFO     ✔️  2025-01-15 — Andrew Garfield : ❌ Pas lui. (3/7 exacts, 1/7 partiels)
09:41:40  INFO     ▶️  2025-01-16 — Andrew Garfield…
09:41:42  INFO     ✔️  2025-01-15 — Tobey Maguire : ❌ Pas lui. (3/7 exacts, 1/7 partiels)
09:41:43  INFO     ✔️  2025-01-16 — Tom Holland : ❌ Pas lui. (5/7 exacts, 1/7 partiels)
09:41:49  INFO     ▶️  2025-01-16 — Tobey Maguire…
09:41:51  INFO     ▶️  2025-01-17 — Tom Holland…
09:41:56  INFO     ✔️  2025-01-16 — Andrew Garfield : ❌ Pas lui. (5/7 exacts, 1/7 partiels)
09:42:04  INFO     ▶️  2025-01-17 — Andrew Garfield…
09:42:05  INFO     ✔️  2025-01-16 — Tobey Maguire : ❌ Pas lui. (5/7 exacts, 1/7 partiels)
09:42:07  INFO     ✔️  2025-01-17 — Tom Holland : ❌ Pas lui. (1/7 exacts, 2/7 partiels)
09:42:11  INFO     ▶️  2025-01-17 — Tobey Maguire…
09:42:17  INFO     ▶️  2025-01-18 — Tom Holland…
09:42:21  INFO     ✔️  2025-01-17 — Andrew Garfield : ❌ Pas lui. (2/7 exacts, 2/7 partiels)
09:42:26  INFO     ▶️  2025-01-18 — Andrew Garfield…
09:42:28  INFO     ✔️  2025-01-17 — Tobey Maguire : ❌ Pas lui. (2/7 exacts, 2/7 partiels)
09:42:33  INFO     ✔️  2025-01-18 — Tom Holland : ❌ Pas lui. (2/7 exacts, 3/7 partiels)
09:42:36  INFO     ▶️  2025-01-18 — Tobey Maguire…
09:42:37  INFO     ▶️  2025-01-19 — Tom Holland…
09:42:42  INFO     ✔️  2025-01-18 — Andrew Garfield : ❌ Pas lui. (2/7 exacts, 3/7 partiels)
09:42:50  INFO     ▶️  2025-01-19 — Andrew Garfield…
09:42:53  INFO     ✔️  2025-01-18 — Tobey Maguire : ❌ Pas lui. (2/7 exacts, 3/7 partiels)
09:42:54  INFO     ✔️  2025-01-19 — Tom Holland : ❌ Pas lui. (2/7 exacts, 3/7 partiels)
09:43:00  INFO     ▶️  2025-01-19 — Tobey Maguire…
09:43:00  INFO     ▶️  2025-01-20 — Tom Holland…
09:43:06  INFO     ✔️  2025-01-19 — Andrew Garfield : ❌ Pas lui. (2/7 exacts, 2/7 partiels)
09:43:13  INFO     ▶️  2025-01-20 — Andrew Garfield…
09:43:16  INFO     ✔️  2025-01-19 — Tobey Maguire : ❌ Pas lui. (2/7 exacts, 2/7 partiels)
09:43:16  INFO     ✔️  2025-01-20 — Tom Holland : ❌ Pas lui. (3/7 exacts, 2/7 partiels)
09:43:23  INFO     ▶️  2025-01-20 — Tobey Maguire…
09:43:25  INFO     ▶️  2025-01-21 — Tom Holland…
09:43:30  INFO     ✔️  2025-01-20 — Andrew Garfield : ❌ Pas lui. (3/7 exacts, 2/7 partiels)
09:43:37  INFO     ▶️  2025-01-21 — Andrew Garfield…
09:43:39  INFO     ✔️  2025-01-20 — Tobey Maguire : ❌ Pas lui. (3/7 exacts, 2/7 partiels)
09:43:41  INFO     ✔️  2025-01-21 — Tom Holland : ❌ Pas lui. (2/7 exacts, 0/7 partiels)
09:43:46  INFO     ▶️  2025-01-21 — Tobey Maguire…
09:43:48  INFO     ▶️  2025-01-22 — Tom Holland…
09:43:54  INFO     ✔️  2025-01-21 — Andrew Garfield : ❌ Pas lui. (2/7 exacts, 0/7 partiels)
09:44:02  INFO     ▶️  2025-01-22 — Andrew Garfield…
09:44:03  INFO     ✔️  2025-01-21 — Tobey Maguire : ❌ Pas lui. (2/7 exacts, 0/7 partiels)
09:44:05  INFO     ✔️  2025-01-22 — Tom Holland : ❌ Pas lui. (1/7 exacts, 1/7 partiels)
09:44:07  INFO     ▶️  2025-01-22 — Tobey Maguire…
09:44:13  INFO     ▶️  2025-01-23 — Tom Holland…
09:44:19  INFO     ✔️  2025-01-22 — Andrew Garfield : ❌ Pas lui. (2/7 exacts, 1/7 partiels)
09:44:24  INFO     ✔️  2025-01-22 — Tobey Maguire : ❌ Pas lui. (2/7 exacts, 1/7 partiels)
09:44:25  INFO     ▶️  2025-01-23 — Andrew Garfield…
09:44:30  INFO     ✔️  2025-01-23 — Tom Holland : ❌ Pas lui. (2/7 exacts, 2/7 partiels)
09:44:30  INFO     ▶️  2025-01-23 — Tobey Maguire…
09:44:38  INFO     ▶️  2025-01-24 — Tom Holland…
09:44:41  INFO     ✔️  2025-01-23 — Andrew Garfield : ❌ Pas lui. (2/7 exacts, 1/7 partiels)
09:44:47  INFO     ✔️  2025-01-23 — Tobey Maguire : ❌ Pas lui. (2/7 exacts, 1/7 partiels)
09:44:49  INFO     ▶️  2025-01-24 — Andrew Garfield…
09:44:55  INFO     ▶️  2025-01-24 — Tobey Maguire…
09:44:55  INFO     ✔️  2025-01-24 — Tom Holland : ❌ Pas lui. (3/7 exacts, 1/7 partiels)
09:45:05  INFO     ▶️  2025-01-25 — Tom Holland…
09:45:06  INFO     ✔️  2025-01-24 — Andrew Garfield : ❌ Pas lui. (4/7 exacts, 1/7 partiels)
09:45:10  INFO     ▶️  2025-01-25 — Andrew Garfield…
09:45:12  INFO     ✔️  2025-01-24 — Tobey Maguire : ❌ Pas lui. (4/7 exacts, 1/7 partiels)
09:45:20  INFO     ▶️  2025-01-25 — Tobey Maguire…
09:45:21  INFO     ✔️  2025-01-25 — Tom Holland : ❌ Pas lui. (2/7 exacts, 2/7 partiels)
09:45:27  INFO     ✔️  2025-01-25 — Andrew Garfield : ❌ Pas lui. (2/7 exacts, 2/7 partiels)
09:45:30  INFO     ▶️  2025-01-26 — Tom Holland…
09:45:31  INFO     ▶️  2025-01-26 — Andrew Garfield…
09:45:37  INFO     ✔️  2025-01-25 — Tobey Maguire : ❌ Pas lui. (2/7 exacts, 2/7 partiels)
09:45:42  INFO     ▶️  2025-01-26 — Tobey Maguire…
09:45:46  INFO     ✔️  2025-01-26 — Tom Holland : ❌ Pas lui. (3/7 exacts, 1/7 partiels)
09:45:48  INFO     ✔️  2025-01-26 — Andrew Garfield : ❌ Pas lui. (3/7 exacts, 1/7 partiels)
09:45:52  INFO     ▶️  2025-01-27 — Tom Holland…
09:45:55  INFO     ▶️  2025-01-27 — Andrew Garfield…
09:45:59  INFO     ✔️  2025-01-26 — Tobey Maguire : ❌ Pas lui. (3/7 exacts, 1/7 partiels)
09:46:03  INFO     ▶️  2025-01-27 — Tobey Maguire…
09:46:08  INFO     ✔️  2025-01-27 — Tom Holland : ❌ Pas lui. (1/7 exacts, 1/7 partiels)
09:46:12  INFO     ✔️  2025-01-27 — Andrew Garfield : ❌ Pas lui. (1/7 exacts, 1/7 partiels)
09:46:18  INFO     ▶️  2025-01-28 — Tom Holland…
09:46:20  INFO     ✔️  2025-01-27 — Tobey Maguire : ❌ Pas lui. (1/7 exacts, 1/7 partiels)
09:46:21  INFO     ▶️  2025-01-28 — Andrew Garfield…
09:46:24  INFO     ▶️  2025-01-28 — Tobey Maguire…
09:46:34  INFO     ✔️  2025-01-28 — Tom Holland : ❌ Pas lui. (1/7 exacts, 2/7 partiels)
09:46:38  INFO     ✔️  2025-01-28 — Andrew Garfield : ❌ Pas lui. (1/7 exacts, 2/7 partiels)
09:46:41  INFO     ✔️  2025-01-28 — Tobey Maguire : ❌ Pas lui. (1/7 exacts, 2/7 partiels)
09:46:44  INFO     ▶️  2025-01-29 — Tom Holland…
09:46:45  INFO     ▶️  2025-01-29 — Andrew Garfield…
09:46:48  INFO     ▶️  2025-01-29 — Tobey Maguire…
09:47:00  INFO     ✔️  2025-01-29 — Tom Holland : ❌ Pas lui. (3/7 exacts, 1/7 partiels)
09:47:01  INFO     ✔️  2025-01-29 — Andrew Garfield : ❌ Pas lui. (4/7 exacts, 1/7 partiels)
09:47:04  INFO     ▶️  2025-01-30 — Tom Holland…
09:47:05  INFO     ✔️  2025-01-29 — Tobey Maguire : ❌ Pas lui. (4/7 exacts, 1/7 partiels)
09:47:10  INFO     ▶️  2025-01-30 — Andrew Garfield…
09:47:10  INFO     ▶️  2025-01-30 — Tobey Maguire…
09:47:20  INFO     ✔️  2025-01-30 — Tom Holland : ❌ Pas lui. (2/7 exacts, 2/7 partiels)
09:47:26  INFO     ✔️  2025-01-30 — Andrew Garfield : ❌ Pas lui. (2/7 exacts, 2/7 partiels)
09:47:27  INFO     ✔️  2025-01-30 — Tobey Maguire : ❌ Pas lui. (2/7 exacts, 2/7 partiels)
09:47:34  INFO     ───────────────────────────────────────────────────────
09:47:34  INFO       🔀 FUSION dans database.json
09:47:34  INFO     ───────────────────────────────────────────────────────
09:47:34  WARNING  state.json introuvable, initialisation à day=1.
09:47:34  INFO     ✅ 30 date(s) fusionnée(s). Base = 30 jours au total. Prochain jour live : 31.
10:02:44  INFO     🎯 591 date(s) à traiter entre 2025-01-01 et 2026-09-13.
10:02:44  INFO     🧵 1773 tâche(s) (date × personnage) à traiter avec 3 worker(s) en parallèle.
10:02:44  INFO     ▶️  2025-01-31 — Tom Holland…
10:02:44  INFO     ▶️  2025-01-31 — Andrew Garfield…
10:02:44  INFO     ▶️  2025-01-31 — Tobey Maguire…
10:03:02  INFO     ✔️  2025-01-31 — Tobey Maguire : ❌ Pas lui. (3/7 exacts, 1/7 partiels)
10:03:02  INFO     ✔️  2025-01-31 — Tom Holland : ❌ Pas lui. (3/7 exacts, 2/7 partiels)
10:03:03  INFO     ✔️  2025-01-31 — Andrew Garfield : ❌ Pas lui. (3/7 exacts, 1/7 partiels)
10:03:07  INFO     ▶️  2025-02-01 — Tom Holland…
10:03:09  INFO     ▶️  2025-02-01 — Andrew Garfield…
10:03:09  INFO     ▶️  2025-02-01 — Tobey Maguire…
10:03:23  INFO     ✔️  2025-02-01 — Tom Holland : ❌ Pas lui. (3/7 exacts, 2/7 partiels)
10:03:25  INFO     ✔️  2025-02-01 — Andrew Garfield : ❌ Pas lui. (3/7 exacts, 2/7 partiels)
10:03:26  INFO     ✔️  2025-02-01 — Tobey Maguire : ❌ Pas lui. (3/7 exacts, 2/7 partiels)
10:03:30  INFO     ▶️  2025-02-02 — Tom Holland…
10:03:33  INFO     ▶️  2025-02-02 — Andrew Garfield…
10:03:35  INFO     ▶️  2025-02-02 — Tobey Maguire…
10:03:46  INFO     ✔️  2025-02-02 — Tom Holland : ❌ Pas lui. (1/7 exacts, 2/7 partiels)
10:03:50  INFO     ✔️  2025-02-02 — Andrew Garfield : ❌ Pas lui. (1/7 exacts, 2/7 partiels)
10:03:51  INFO     ✔️  2025-02-02 — Tobey Maguire : ❌ Pas lui. (1/7 exacts, 2/7 partiels)
10:03:53  INFO     ▶️  2025-02-03 — Tom Holland…
10:03:57  INFO     ▶️  2025-02-03 — Andrew Garfield…
10:03:59  INFO     ▶️  2025-02-03 — Tobey Maguire…
10:04:09  INFO     ✔️  2025-02-03 — Tom Holland : ❌ Pas lui. (2/7 exacts, 1/7 partiels)
10:04:14  INFO     ✔️  2025-02-03 — Andrew Garfield : ❌ Pas lui. (2/7 exacts, 1/7 partiels)
10:04:16  INFO     ✔️  2025-02-03 — Tobey Maguire : ❌ Pas lui. (2/7 exacts, 1/7 partiels)
10:04:18  INFO     ▶️  2025-02-04 — Tom Holland…
10:04:19  INFO     ▶️  2025-02-04 — Andrew Garfield…
10:04:21  INFO     ▶️  2025-02-04 — Tobey Maguire…
10:04:34  INFO     ✔️  2025-02-04 — Tom Holland : ❌ Pas lui. (3/7 exacts, 2/7 partiels)
10:04:36  INFO     ✔️  2025-02-04 — Andrew Garfield : ❌ Pas lui. (3/7 exacts, 2/7 partiels)
10:04:37  INFO     ✔️  2025-02-04 — Tobey Maguire : ❌ Pas lui. (3/7 exacts, 2/7 partiels)
10:04:42  INFO     ▶️  2025-02-05 — Tom Holland…
10:04:42  INFO     ▶️  2025-02-05 — Andrew Garfield…
10:04:46  INFO     ▶️  2025-02-05 — Tobey Maguire…
10:04:58  INFO     ✔️  2025-02-05 — Tom Holland : ❌ Pas lui. (2/7 exacts, 2/7 partiels)
10:04:59  INFO     ✔️  2025-02-05 — Andrew Garfield : ❌ Pas lui. (2/7 exacts, 1/7 partiels)
10:05:02  INFO     ▶️  2025-02-06 — Tom Holland…
10:05:03  INFO     ✔️  2025-02-05 — Tobey Maguire : ❌ Pas lui. (2/7 exacts, 1/7 partiels)
10:05:03  INFO     ▶️  2025-02-06 — Andrew Garfield…
10:05:12  INFO     ▶️  2025-02-06 — Tobey Maguire…
10:05:19  INFO     ✔️  2025-02-06 — Tom Holland : ❌ Pas lui. (4/7 exacts, 2/7 partiels)
10:05:20  INFO     ✔️  2025-02-06 — Andrew Garfield : ❌ Pas lui. (4/7 exacts, 1/7 partiels)
10:05:25  INFO     ▶️  2025-02-07 — Tom Holland…
10:05:28  INFO     ✔️  2025-02-06 — Tobey Maguire : ❌ Pas lui. (4/7 exacts, 1/7 partiels)
10:05:28  INFO     ▶️  2025-02-07 — Andrew Garfield…
10:05:38  INFO     ▶️  2025-02-07 — Tobey Maguire…
10:05:41  INFO     ✔️  2025-02-07 — Tom Holland : ❌ Pas lui. (2/7 exacts, 2/7 partiels)
10:05:45  INFO     ✔️  2025-02-07 — Andrew Garfield : ❌ Pas lui. (3/7 exacts, 2/7 partiels)
10:05:46  INFO     ▶️  2025-02-08 — Tom Holland…
10:05:50  INFO     ▶️  2025-02-08 — Andrew Garfield…
10:05:55  INFO     ✔️  2025-02-07 — Tobey Maguire : ❌ Pas lui. (3/7 exacts, 2/7 partiels)
10:06:02  INFO     ✔️  2025-02-08 — Tom Holland : ❌ Pas lui. (3/7 exacts, 3/7 partiels)
10:06:03  INFO     ▶️  2025-02-08 — Tobey Maguire…
10:06:06  INFO     ✔️  2025-02-08 — Andrew Garfield : ❌ Pas lui. (3/7 exacts, 2/7 partiels)
10:06:08  INFO     ▶️  2025-02-09 — Tom Holland…
10:06:16  INFO     ▶️  2025-02-09 — Andrew Garfield…
10:06:20  INFO     ✔️  2025-02-08 — Tobey Maguire : ❌ Pas lui. (3/7 exacts, 2/7 partiels)
10:06:24  INFO     ✔️  2025-02-09 — Tom Holland : ❌ Pas lui. (4/7 exacts, 1/7 partiels)
10:06:24  INFO     ▶️  2025-02-09 — Tobey Maguire…
10:06:30  INFO     ▶️  2025-02-10 — Tom Holland…
10:06:32  INFO     ✔️  2025-02-09 — Andrew Garfield : ❌ Pas lui. (4/7 exacts, 1/7 partiels)
10:06:39  INFO     ▶️  2025-02-10 — Andrew Garfield…
10:06:41  INFO     ✔️  2025-02-09 — Tobey Maguire : ❌ Pas lui. (4/7 exacts, 1/7 partiels)
10:06:46  INFO     ✔️  2025-02-10 — Tom Holland : ❌ Pas lui. (4/7 exacts, 2/7 partiels)
10:06:51  INFO     ▶️  2025-02-10 — Tobey Maguire…
10:06:51  INFO     ▶️  2025-02-11 — Tom Holland…
10:06:56  INFO     ✔️  2025-02-10 — Andrew Garfield : ❌ Pas lui. (3/7 exacts, 2/7 partiels)
10:07:00  INFO     ▶️  2025-02-11 — Andrew Garfield…
10:07:07  INFO     ✔️  2025-02-10 — Tobey Maguire : ❌ Pas lui. (3/7 exacts, 2/7 partiels)
10:07:07  INFO     ✔️  2025-02-11 — Tom Holland : ❌ Pas lui. (2/7 exacts, 1/7 partiels)
10:07:16  INFO     ▶️  2025-02-11 — Tobey Maguire…
10:07:17  INFO     ▶️  2025-02-12 — Tom Holland…
10:07:17  INFO     ✔️  2025-02-11 — Andrew Garfield : ❌ Pas lui. (2/7 exacts, 1/7 partiels)
10:07:23  INFO     ▶️  2025-02-12 — Andrew Garfield…
10:07:33  INFO     ✔️  2025-02-11 — Tobey Maguire : ❌ Pas lui. (2/7 exacts, 1/7 partiels)
10:07:33  INFO     ✔️  2025-02-12 — Tom Holland : ❌ Pas lui. (1/7 exacts, 2/7 partiels)
10:07:39  INFO     ▶️  2025-02-12 — Tobey Maguire…
10:07:39  INFO     ✔️  2025-02-12 — Andrew Garfield : ❌ Pas lui. (1/7 exacts, 2/7 partiels)
10:07:41  INFO     ▶️  2025-02-13 — Tom Holland…
10:07:46  INFO     ▶️  2025-02-13 — Andrew Garfield…
10:07:55  INFO     ✔️  2025-02-12 — Tobey Maguire : ❌ Pas lui. (1/7 exacts, 2/7 partiels)
10:07:57  INFO     ✔️  2025-02-13 — Tom Holland : ❌ Pas lui. (2/7 exacts, 1/7 partiels)
10:08:02  INFO     ✔️  2025-02-13 — Andrew Garfield : ❌ Pas lui. (2/7 exacts, 1/7 partiels)
10:08:03  INFO     ▶️  2025-02-13 — Tobey Maguire…
10:08:06  INFO     ▶️  2025-02-14 — Tom Holland…
10:08:08  INFO     ▶️  2025-02-14 — Andrew Garfield…
10:08:20  INFO     ✔️  2025-02-13 — Tobey Maguire : ❌ Pas lui. (2/7 exacts, 1/7 partiels)
10:08:22  INFO     ✔️  2025-02-14 — Tom Holland : ❌ Pas lui. (2/7 exacts, 1/7 partiels)
10:08:24  INFO     ✔️  2025-02-14 — Andrew Garfield : ❌ Pas lui. (3/7 exacts, 1/7 partiels)
10:08:28  INFO     ▶️  2025-02-14 — Tobey Maguire…
10:08:30  INFO     ▶️  2025-02-15 — Tom Holland…
10:08:30  INFO     ▶️  2025-02-15 — Andrew Garfield…
10:08:45  INFO     ✔️  2025-02-14 — Tobey Maguire : ❌ Pas lui. (3/7 exacts, 1/7 partiels)
10:08:46  INFO     ✔️  2025-02-15 — Tom Holland : ❌ Pas lui. (2/7 exacts, 0/7 partiels)
10:08:46  INFO     ✔️  2025-02-15 — Andrew Garfield : ❌ Pas lui. (2/7 exacts, 0/7 partiels)
10:08:51  INFO     ▶️  2025-02-15 — Tobey Maguire…
10:08:52  INFO     ▶️  2025-02-16 — Tom Holland…
10:08:55  INFO     ▶️  2025-02-16 — Andrew Garfield…
10:09:07  INFO     ✔️  2025-02-15 — Tobey Maguire : ❌ Pas lui. (2/7 exacts, 0/7 partiels)
10:09:08  INFO     ✔️  2025-02-16 — Tom Holland : ✅ C'est lui ! (7/7 exacts, 0/7 partiels)
10:09:12  INFO     ✔️  2025-02-16 — Andrew Garfield : ❌ Pas lui. (6/7 exacts, 0/7 partiels)
10:09:13  INFO     ▶️  2025-02-16 — Tobey Maguire…
10:09:17  INFO     ▶️  2025-02-17 — Tom Holland…
10:09:20  INFO     ▶️  2025-02-17 — Andrew Garfield…
10:09:30  INFO     ✔️  2025-02-16 — Tobey Maguire : ❌ Pas lui. (6/7 exacts, 0/7 partiels)
10:09:33  INFO     ✔️  2025-02-17 — Tom Holland : ❌ Pas lui. (3/7 exacts, 1/7 partiels)
10:09:36  INFO     ▶️  2025-02-17 — Tobey Maguire…
10:09:36  INFO     ✔️  2025-02-17 — Andrew Garfield : ❌ Pas lui. (3/7 exacts, 1/7 partiels)
10:09:41  INFO     ▶️  2025-02-18 — Tom Holland…
10:09:43  INFO     ▶️  2025-02-18 — Andrew Garfield…
10:09:52  INFO     ✔️  2025-02-17 — Tobey Maguire : ❌ Pas lui. (3/7 exacts, 1/7 partiels)
10:09:58  INFO     ✔️  2025-02-18 — Tom Holland : ❌ Pas lui. (3/7 exacts, 1/7 partiels)
10:10:00  INFO     ✔️  2025-02-18 — Andrew Garfield : ❌ Pas lui. (3/7 exacts, 1/7 partiels)
10:10:02  INFO     ▶️  2025-02-18 — Tobey Maguire…
10:10:06  INFO     ▶️  2025-02-19 — Tom Holland…
10:10:07  INFO     ▶️  2025-02-19 — Andrew Garfield…
10:10:18  INFO     ✔️  2025-02-18 — Tobey Maguire : ❌ Pas lui. (3/7 exacts, 1/7 partiels)
10:10:23  INFO     ✔️  2025-02-19 — Tom Holland : ❌ Pas lui. (3/7 exacts, 1/7 partiels)
10:10:23  INFO     ✔️  2025-02-19 — Andrew Garfield : ❌ Pas lui. (4/7 exacts, 1/7 partiels)
10:10:27  INFO     ▶️  2025-02-19 — Tobey Maguire…
10:10:27  INFO     ▶️  2025-02-20 — Tom Holland…
10:10:31  INFO     ▶️  2025-02-20 — Andrew Garfield…
10:10:49  INFO     ✔️  2025-02-20 — Tom Holland : ❌ Pas lui. (3/7 exacts, 3/7 partiels)
10:10:49  INFO     ✔️  2025-02-19 — Tobey Maguire : ❌ Pas lui. (4/7 exacts, 1/7 partiels)
10:10:49  INFO     ✔️  2025-02-20 — Andrew Garfield : ❌ Pas lui. (3/7 exacts, 2/7 partiels)
10:10:53  INFO     ▶️  2025-02-20 — Tobey Maguire…
10:10:54  INFO     ▶️  2025-02-21 — Tom Holland…
10:10:54  INFO     ▶️  2025-02-21 — Andrew Garfield…
10:11:10  INFO     ✔️  2025-02-20 — Tobey Maguire : ❌ Pas lui. (3/7 exacts, 2/7 partiels)
10:11:10  INFO     ✔️  2025-02-21 — Tom Holland : ❌ Pas lui. (1/7 exacts, 1/7 partiels)
10:11:11  INFO     ✔️  2025-02-21 — Andrew Garfield : ❌ Pas lui. (2/7 exacts, 1/7 partiels)
10:11:15  INFO     ▶️  2025-02-21 — Tobey Maguire…
10:11:15  INFO     ▶️  2025-02-22 — Tom Holland…
10:11:17  INFO     ▶️  2025-02-22 — Andrew Garfield…
10:11:31  INFO     ✔️  2025-02-22 — Tom Holland : ❌ Pas lui. (1/7 exacts, 2/7 partiels)
10:11:32  INFO     ✔️  2025-02-21 — Tobey Maguire : ❌ Pas lui. (2/7 exacts, 1/7 partiels)
10:11:33  INFO     ✔️  2025-02-22 — Andrew Garfield : ❌ Pas lui. (1/7 exacts, 2/7 partiels)
10:11:36  INFO     ▶️  2025-02-22 — Tobey Maguire…
10:11:36  INFO     ▶️  2025-02-23 — Tom Holland…
10:11:43  INFO     ▶️  2025-02-23 — Andrew Garfield…
10:11:52  INFO     ✔️  2025-02-22 — Tobey Maguire : ❌ Pas lui. (1/7 exacts, 2/7 partiels)
10:11:52  INFO     ✔️  2025-02-23 — Tom Holland : ❌ Pas lui. (3/7 exacts, 1/7 partiels)
10:11:56  INFO     ▶️  2025-02-23 — Tobey Maguire…
10:11:58  INFO     ▶️  2025-02-24 — Tom Holland…
10:11:59  INFO     ✔️  2025-02-23 — Andrew Garfield : ❌ Pas lui. (3/7 exacts, 1/7 partiels)
10:12:04  INFO     ▶️  2025-02-24 — Andrew Garfield…
10:12:13  INFO     ✔️  2025-02-23 — Tobey Maguire : ❌ Pas lui. (3/7 exacts, 1/7 partiels)
10:12:14  INFO     ✔️  2025-02-24 — Tom Holland : ❌ Pas lui. (2/7 exacts, 1/7 partiels)
10:12:20  INFO     ▶️  2025-02-24 — Tobey Maguire…
10:12:21  INFO     ✔️  2025-02-24 — Andrew Garfield : ❌ Pas lui. (2/7 exacts, 1/7 partiels)
10:12:21  INFO     ▶️  2025-02-25 — Tom Holland…
10:12:25  INFO     ▶️  2025-02-25 — Andrew Garfield…
10:12:41  INFO     ✔️  2025-02-24 — Tobey Maguire : ❌ Pas lui. (2/7 exacts, 1/7 partiels)
10:12:41  INFO     ✔️  2025-02-25 — Andrew Garfield : ❌ Pas lui. (3/7 exacts, 2/7 partiels)
10:12:42  INFO     ✔️  2025-02-25 — Tom Holland : ❌ Pas lui. (4/7 exacts, 2/7 partiels)
10:12:47  INFO     ▶️  2025-02-25 — Tobey Maguire…
10:12:49  INFO     ▶️  2025-02-26 — Tom Holland…
10:12:51  INFO     ▶️  2025-02-26 — Andrew Garfield…
10:13:04  INFO     ✔️  2025-02-25 — Tobey Maguire : ❌ Pas lui. (3/7 exacts, 2/7 partiels)
10:13:05  INFO     ✔️  2025-02-26 — Tom Holland : ❌ Pas lui. (1/7 exacts, 2/7 partiels)
10:13:07  INFO     ✔️  2025-02-26 — Andrew Garfield : ❌ Pas lui. (1/7 exacts, 2/7 partiels)
10:13:12  INFO     ▶️  2025-02-26 — Tobey Maguire…
10:13:13  INFO     ▶️  2025-02-27 — Tom Holland…
10:13:13  INFO     ▶️  2025-02-27 — Andrew Garfield…
10:13:29  INFO     ✔️  2025-02-26 — Tobey Maguire : ❌ Pas lui. (1/7 exacts, 2/7 partiels)
10:13:29  INFO     ✔️  2025-02-27 — Tom Holland : ❌ Pas lui. (2/7 exacts, 2/7 partiels)
10:13:29  INFO     ✔️  2025-02-27 — Andrew Garfield : ❌ Pas lui. (2/7 exacts, 1/7 partiels)
10:13:35  INFO     ▶️  2025-02-27 — Tobey Maguire…
10:13:36  INFO     ▶️  2025-02-28 — Tom Holland…
10:13:36  INFO     ▶️  2025-02-28 — Andrew Garfield…
10:13:52  INFO     ✔️  2025-02-27 — Tobey Maguire : ❌ Pas lui. (2/7 exacts, 1/7 partiels)
10:13:53  INFO     ✔️  2025-02-28 — Tom Holland : ❌ Pas lui. (1/7 exacts, 0/7 partiels)
10:13:53  INFO     ✔️  2025-02-28 — Andrew Garfield : ❌ Pas lui. (2/7 exacts, 0/7 partiels)
10:13:59  INFO     ▶️  2025-02-28 — Tobey Maguire…
10:14:01  INFO     ▶️  2025-03-01 — Tom Holland…
10:14:01  INFO     ▶️  2025-03-01 — Andrew Garfield…
10:14:16  INFO     ✔️  2025-02-28 — Tobey Maguire : ❌ Pas lui. (2/7 exacts, 0/7 partiels)
10:14:17  INFO     ✔️  2025-03-01 — Tom Holland : ❌ Pas lui. (2/7 exacts, 1/7 partiels)
10:14:18  INFO     ✔️  2025-03-01 — Andrew Garfield : ❌ Pas lui. (2/7 exacts, 1/7 partiels)
10:14:24  INFO     ▶️  2025-03-01 — Tobey Maguire…
10:14:25  INFO     ▶️  2025-03-02 — Tom Holland…
10:14:25  INFO     ▶️  2025-03-02 — Andrew Garfield…
10:14:41  INFO     ✔️  2025-03-01 — Tobey Maguire : ❌ Pas lui. (2/7 exacts, 1/7 partiels)
10:14:41  INFO     ✔️  2025-03-02 — Tom Holland : ❌ Pas lui. (3/7 exacts, 2/7 partiels)
10:14:42  INFO     ✔️  2025-03-02 — Andrew Garfield : ❌ Pas lui. (3/7 exacts, 2/7 partiels)
10:14:47  INFO     ▶️  2025-03-02 — Tobey Maguire…
10:14:49  INFO     ▶️  2025-03-03 — Tom Holland…
10:14:49  INFO     ▶️  2025-03-03 — Andrew Garfield…
10:15:04  INFO     ✔️  2025-03-02 — Tobey Maguire : ❌ Pas lui. (3/7 exacts, 2/7 partiels)
10:15:05  INFO     ✔️  2025-03-03 — Tom Holland : ❌ Pas lui. (2/7 exacts, 1/7 partiels)
10:15:06  INFO     ✔️  2025-03-03 — Andrew Garfield : ❌ Pas lui. (3/7 exacts, 1/7 partiels)
10:15:10  INFO     ▶️  2025-03-03 — Tobey Maguire…
10:15:13  INFO     ▶️  2025-03-04 — Tom Holland…
10:15:16  INFO     ▶️  2025-03-04 — Andrew Garfield…
10:15:27  INFO     ✔️  2025-03-03 — Tobey Maguire : ❌ Pas lui. (3/7 exacts, 1/7 partiels)
10:15:29  INFO     ✔️  2025-03-04 — Tom Holland : ❌ Pas lui. (2/7 exacts, 1/7 partiels)
10:15:32  INFO     ✔️  2025-03-04 — Andrew Garfield : ❌ Pas lui. (2/7 exacts, 1/7 partiels)
10:15:33  INFO     ▶️  2025-03-04 — Tobey Maguire…
10:15:35  INFO     ▶️  2025-03-05 — Tom Holland…
10:15:40  INFO     ▶️  2025-03-05 — Andrew Garfield…
10:15:49  INFO     ✔️  2025-03-04 — Tobey Maguire : ❌ Pas lui. (2/7 exacts, 1/7 partiels)
10:15:52  INFO     ✔️  2025-03-05 — Tom Holland : ❌ Pas lui. (2/7 exacts, 1/7 partiels)
10:15:56  INFO     ✔️  2025-03-05 — Andrew Garfield : ❌ Pas lui. (3/7 exacts, 1/7 partiels)
10:15:58  INFO     ▶️  2025-03-05 — Tobey Maguire…
10:15:59  INFO     ▶️  2025-03-06 — Tom Holland…
10:16:02  INFO     ▶️  2025-03-06 — Andrew Garfield…
10:16:15  INFO     ✔️  2025-03-05 — Tobey Maguire : ❌ Pas lui. (3/7 exacts, 1/7 partiels)
10:16:16  INFO     ✔️  2025-03-06 — Tom Holland : ❌ Pas lui. (3/7 exacts, 3/7 partiels)
10:16:18  INFO     ✔️  2025-03-06 — Andrew Garfield : ❌ Pas lui. (3/7 exacts, 2/7 partiels)
10:16:19  INFO     ▶️  2025-03-06 — Tobey Maguire…
10:16:22  INFO     ▶️  2025-03-07 — Tom Holland…
10:16:22  INFO     ▶️  2025-03-07 — Andrew Garfield…
10:16:35  INFO     ✔️  2025-03-06 — Tobey Maguire : ❌ Pas lui. (3/7 exacts, 2/7 partiels)
10:16:39  INFO     ✔️  2025-03-07 — Tom Holland : ❌ Pas lui. (3/7 exacts, 1/7 partiels)
10:16:39  INFO     ✔️  2025-03-07 — Andrew Garfield : ❌ Pas lui. (4/7 exacts, 1/7 partiels)
10:16:42  INFO     ▶️  2025-03-07 — Tobey Maguire…
10:16:47  INFO     ▶️  2025-03-08 — Tom Holland…
10:16:48  INFO     ▶️  2025-03-08 — Andrew Garfield…
10:16:59  INFO     ✔️  2025-03-07 — Tobey Maguire : ❌ Pas lui. (4/7 exacts, 1/7 partiels)
10:17:03  INFO     ✔️  2025-03-08 — Tom Holland : ❌ Pas lui. (1/7 exacts, 2/7 partiels)
10:17:04  INFO     ▶️  2025-03-08 — Tobey Maguire…
10:17:04  INFO     ✔️  2025-03-08 — Andrew Garfield : ❌ Pas lui. (2/7 exacts, 2/7 partiels)
10:17:09  INFO     ▶️  2025-03-09 — Tom Holland…
10:17:11  INFO     ▶️  2025-03-09 — Andrew Garfield…
10:17:20  INFO     ✔️  2025-03-08 — Tobey Maguire : ❌ Pas lui. (2/7 exacts, 2/7 partiels)
10:17:26  INFO     ✔️  2025-03-09 — Tom Holland : ❌ Pas lui. (5/7 exacts, 1/7 partiels)
10:17:28  INFO     ✔️  2025-03-09 — Andrew Garfield : ❌ Pas lui. (5/7 exacts, 1/7 partiels)
10:17:30  INFO     ▶️  2025-03-09 — Tobey Maguire…
10:17:31  INFO     ▶️  2025-03-10 — Tom Holland…
10:17:36  INFO     ▶️  2025-03-10 — Andrew Garfield…
10:17:46  INFO     ✔️  2025-03-09 — Tobey Maguire : ❌ Pas lui. (5/7 exacts, 1/7 partiels)
10:17:47  INFO     ✔️  2025-03-10 — Tom Holland : ❌ Pas lui. (3/7 exacts, 1/7 partiels)
10:17:53  INFO     ✔️  2025-03-10 — Andrew Garfield : ❌ Pas lui. (4/7 exacts, 1/7 partiels)
10:17:53  INFO     ▶️  2025-03-10 — Tobey Maguire…
10:17:55  INFO     ▶️  2025-03-11 — Tom Holland…
10:17:59  INFO     ▶️  2025-03-11 — Andrew Garfield…
10:18:09  INFO     ✔️  2025-03-10 — Tobey Maguire : ❌ Pas lui. (4/7 exacts, 1/7 partiels)
10:18:12  INFO     ✔️  2025-03-11 — Tom Holland : ❌ Pas lui. (2/7 exacts, 1/7 partiels)
10:18:15  INFO     ▶️  2025-03-11 — Tobey Maguire…
10:18:16  INFO     ✔️  2025-03-11 — Andrew Garfield : ❌ Pas lui. (2/7 exacts, 1/7 partiels)
10:18:17  INFO     ▶️  2025-03-12 — Tom Holland…
10:18:21  INFO     ▶️  2025-03-12 — Andrew Garfield…
10:18:32  INFO     ✔️  2025-03-11 — Tobey Maguire : ❌ Pas lui. (2/7 exacts, 1/7 partiels)
10:18:33  INFO     ✔️  2025-03-12 — Tom Holland : ❌ Pas lui. (3/7 exacts, 1/7 partiels)
10:18:37  INFO     ▶️  2025-03-12 — Tobey Maguire…
10:18:38  INFO     ✔️  2025-03-12 — Andrew Garfield : ❌ Pas lui. (3/7 exacts, 1/7 partiels)
10:18:40  INFO     ▶️  2025-03-13 — Tom Holland…
10:18:42  INFO     ▶️  2025-03-13 — Andrew Garfield…
10:18:54  INFO     ✔️  2025-03-12 — Tobey Maguire : ❌ Pas lui. (3/7 exacts, 1/7 partiels)
10:18:56  INFO     ✔️  2025-03-13 — Tom Holland : ❌ Pas lui. (6/7 exacts, 0/7 partiels)
10:18:59  INFO     ✔️  2025-03-13 — Andrew Garfield : ❌ Pas lui. (5/7 exacts, 0/7 partiels)
10:19:01  INFO     ▶️  2025-03-13 — Tobey Maguire…
10:19:02  INFO     ▶️  2025-03-14 — Tom Holland…
10:19:06  INFO     ▶️  2025-03-14 — Andrew Garfield…
10:19:18  INFO     ✔️  2025-03-13 — Tobey Maguire : ❌ Pas lui. (5/7 exacts, 0/7 partiels)
10:19:19  INFO     ✔️  2025-03-14 — Tom Holland : ❌ Pas lui. (3/7 exacts, 1/7 partiels)
10:19:22  INFO     ✔️  2025-03-14 — Andrew Garfield : ❌ Pas lui. (4/7 exacts, 1/7 partiels)
10:19:24  INFO     ▶️  2025-03-14 — Tobey Maguire…
10:19:26  INFO     ▶️  2025-03-15 — Tom Holland…
10:19:27  INFO     ▶️  2025-03-15 — Andrew Garfield…
10:19:41  INFO     ✔️  2025-03-14 — Tobey Maguire : ❌ Pas lui. (4/7 exacts, 1/7 partiels)
10:19:42  INFO     ✔️  2025-03-15 — Tom Holland : ❌ Pas lui. (2/7 exacts, 2/7 partiels)
10:19:44  INFO     ✔️  2025-03-15 — Andrew Garfield : ❌ Pas lui. (2/7 exacts, 2/7 partiels)
10:19:45  INFO     ▶️  2025-03-15 — Tobey Maguire…
10:19:47  INFO     ▶️  2025-03-16 — Tom Holland…
10:19:51  INFO     ▶️  2025-03-16 — Andrew Garfield…
10:20:02  INFO     ✔️  2025-03-15 — Tobey Maguire : ❌ Pas lui. (2/7 exacts, 2/7 partiels)
10:20:04  INFO     ✔️  2025-03-16 — Tom Holland : ❌ Pas lui. (2/7 exacts, 2/7 partiels)
10:20:07  INFO     ✔️  2025-03-16 — Andrew Garfield : ❌ Pas lui. (2/7 exacts, 2/7 partiels)
10:20:12  INFO     ▶️  2025-03-16 — Tobey Maguire…
10:20:12  INFO     ▶️  2025-03-17 — Tom Holland…
10:20:13  INFO     ▶️  2025-03-17 — Andrew Garfield…
10:20:28  INFO     ✔️  2025-03-16 — Tobey Maguire : ❌ Pas lui. (2/7 exacts, 2/7 partiels)
10:20:29  INFO     ✔️  2025-03-17 — Tom Holland : ❌ Pas lui. (3/7 exacts, 1/7 partiels)
10:20:30  INFO     ✔️  2025-03-17 — Andrew Garfield : ❌ Pas lui. (3/7 exacts, 1/7 partiels)
10:20:33  INFO     ▶️  2025-03-17 — Tobey Maguire…
10:20:33  INFO     ▶️  2025-03-18 — Tom Holland…
10:20:37  INFO     ▶️  2025-03-18 — Andrew Garfield…
10:20:49  INFO     ✔️  2025-03-17 — Tobey Maguire : ❌ Pas lui. (3/7 exacts, 1/7 partiels)
10:20:49  INFO     ✔️  2025-03-18 — Tom Holland : ❌ Pas lui. (2/7 exacts, 2/7 partiels)
10:20:54  INFO     ✔️  2025-03-18 — Andrew Garfield : ❌ Pas lui. (3/7 exacts, 2/7 partiels)
10:20:56  INFO     ▶️  2025-03-18 — Tobey Maguire…
10:20:57  INFO     ▶️  2025-03-19 — Tom Holland…
10:21:03  INFO     ▶️  2025-03-19 — Andrew Garfield…
10:21:12  INFO     ✔️  2025-03-18 — Tobey Maguire : ❌ Pas lui. (3/7 exacts, 2/7 partiels)
10:21:13  INFO     ✔️  2025-03-19 — Tom Holland : ❌ Pas lui. (3/7 exacts, 2/7 partiels)
10:21:18  INFO     ▶️  2025-03-19 — Tobey Maguire…
10:21:19  INFO     ✔️  2025-03-19 — Andrew Garfield : ❌ Pas lui. (3/7 exacts, 2/7 partiels)
10:21:20  INFO     ▶️  2025-03-20 — Tom Holland…
10:21:28  INFO     ▶️  2025-03-20 — Andrew Garfield…
10:21:35  INFO     ✔️  2025-03-19 — Tobey Maguire : ❌ Pas lui. (3/7 exacts, 2/7 partiels)
10:21:37  INFO     ✔️  2025-03-20 — Tom Holland : ❌ Pas lui. (1/7 exacts, 2/7 partiels)
10:21:41  INFO     ▶️  2025-03-20 — Tobey Maguire…
10:21:42  INFO     ▶️  2025-03-21 — Tom Holland…
10:21:45  INFO     ✔️  2025-03-20 — Andrew Garfield : ❌ Pas lui. (1/7 exacts, 2/7 partiels)
10:21:51  INFO     ▶️  2025-03-21 — Andrew Garfield…
10:21:58  INFO     ✔️  2025-03-20 — Tobey Maguire : ❌ Pas lui. (1/7 exacts, 2/7 partiels)
10:21:58  INFO     ✔️  2025-03-21 — Tom Holland : ❌ Pas lui. (2/7 exacts, 1/7 partiels)
10:22:04  INFO     ▶️  2025-03-21 — Tobey Maguire…
10:22:07  INFO     ▶️  2025-03-22 — Tom Holland…
10:22:07  INFO     ✔️  2025-03-21 — Andrew Garfield : ❌ Pas lui. (2/7 exacts, 1/7 partiels)
10:22:15  INFO     ▶️  2025-03-22 — Andrew Garfield…
10:22:21  INFO     ✔️  2025-03-21 — Tobey Maguire : ❌ Pas lui. (2/7 exacts, 1/7 partiels)
10:22:23  INFO     ✔️  2025-03-22 — Tom Holland : ❌ Pas lui. (2/7 exacts, 1/7 partiels)
10:22:25  INFO     ▶️  2025-03-22 — Tobey Maguire…
10:22:31  INFO     ✔️  2025-03-22 — Andrew Garfield : ❌ Pas lui. (2/7 exacts, 1/7 partiels)
10:22:32  INFO     ▶️  2025-03-23 — Tom Holland…
10:22:40  INFO     ▶️  2025-03-23 — Andrew Garfield…
10:22:41  INFO     ✔️  2025-03-22 — Tobey Maguire : ❌ Pas lui. (2/7 exacts, 1/7 partiels)
10:22:48  INFO     ✔️  2025-03-23 — Tom Holland : ❌ Pas lui. (2/7 exacts, 1/7 partiels)
10:22:50  INFO     ▶️  2025-03-23 — Tobey Maguire…
10:22:56  INFO     ▶️  2025-03-24 — Tom Holland…
10:22:57  INFO     ✔️  2025-03-23 — Andrew Garfield : ❌ Pas lui. (2/7 exacts, 1/7 partiels)
10:23:02  INFO     ▶️  2025-03-24 — Andrew Garfield…
10:23:07  INFO     ✔️  2025-03-23 — Tobey Maguire : ❌ Pas lui. (2/7 exacts, 1/7 partiels)
10:23:12  INFO     ✔️  2025-03-24 — Tom Holland : ❌ Pas lui. (3/7 exacts, 1/7 partiels)
10:23:15  INFO     ▶️  2025-03-24 — Tobey Maguire…
10:23:19  INFO     ▶️  2025-03-25 — Tom Holland…
10:23:19  INFO     ✔️  2025-03-24 — Andrew Garfield : ❌ Pas lui. (4/7 exacts, 1/7 partiels)
10:23:25  INFO     ▶️  2025-03-25 — Andrew Garfield…
10:23:32  INFO     ✔️  2025-03-24 — Tobey Maguire : ❌ Pas lui. (4/7 exacts, 1/7 partiels)
10:23:35  INFO     ✔️  2025-03-25 — Tom Holland : ❌ Pas lui. (2/7 exacts, 2/7 partiels)
10:23:40  INFO     ▶️  2025-03-25 — Tobey Maguire…
10:23:42  INFO     ✔️  2025-03-25 — Andrew Garfield : ❌ Pas lui. (2/7 exacts, 2/7 partiels)
10:23:43  INFO     ▶️  2025-03-26 — Tom Holland…
10:23:48  INFO     ▶️  2025-03-26 — Andrew Garfield…
10:23:57  INFO     ✔️  2025-03-25 — Tobey Maguire : ❌ Pas lui. (2/7 exacts, 2/7 partiels)
10:23:59  INFO     ✔️  2025-03-26 — Tom Holland : ❌ Pas lui. (4/7 exacts, 2/7 partiels)
10:24:05  INFO     ✔️  2025-03-26 — Andrew Garfield : ❌ Pas lui. (4/7 exacts, 1/7 partiels)
10:24:05  INFO     ▶️  2025-03-26 — Tobey Maguire…
10:24:07  INFO     ▶️  2025-03-27 — Tom Holland…
10:24:15  INFO     ▶️  2025-03-27 — Andrew Garfield…
10:24:22  INFO     ✔️  2025-03-26 — Tobey Maguire : ❌ Pas lui. (4/7 exacts, 1/7 partiels)
10:24:23  INFO     ✔️  2025-03-27 — Tom Holland : ❌ Pas lui. (3/7 exacts, 3/7 partiels)
10:24:29  INFO     ▶️  2025-03-27 — Tobey Maguire…
10:24:32  INFO     ✔️  2025-03-27 — Andrew Garfield : ❌ Pas lui. (3/7 exacts, 2/7 partiels)
10:24:32  INFO     ▶️  2025-03-28 — Tom Holland…
10:24:38  INFO     ▶️  2025-03-28 — Andrew Garfield…
10:24:46  INFO     ✔️  2025-03-27 — Tobey Maguire : ❌ Pas lui. (3/7 exacts, 2/7 partiels)
10:24:48  INFO     ✔️  2025-03-28 — Tom Holland : ❌ Pas lui. (4/7 exacts, 3/7 partiels)
10:24:55  INFO     ✔️  2025-03-28 — Andrew Garfield : ❌ Pas lui. (4/7 exacts, 2/7 partiels)
10:24:55  INFO     ▶️  2025-03-28 — Tobey Maguire…
10:24:56  INFO     ▶️  2025-03-29 — Tom Holland…
10:25:02  INFO     ▶️  2025-03-29 — Andrew Garfield…
10:25:12  INFO     ✔️  2025-03-28 — Tobey Maguire : ❌ Pas lui. (4/7 exacts, 2/7 partiels)
10:25:12  INFO     ✔️  2025-03-29 — Tom Holland : ❌ Pas lui. (3/7 exacts, 3/7 partiels)
10:25:19  INFO     ▶️  2025-03-29 — Tobey Maguire…
10:25:19  INFO     ✔️  2025-03-29 — Andrew Garfield : ❌ Pas lui. (3/7 exacts, 2/7 partiels)
10:25:19  INFO     ▶️  2025-03-30 — Tom Holland…
10:25:24  INFO     ▶️  2025-03-30 — Andrew Garfield…
10:25:36  INFO     ✔️  2025-03-30 — Tom Holland : ❌ Pas lui. (3/7 exacts, 2/7 partiels)
10:25:36  INFO     ✔️  2025-03-29 — Tobey Maguire : ❌ Pas lui. (3/7 exacts, 2/7 partiels)
10:25:40  INFO     ▶️  2025-03-30 — Tobey Maguire…
10:25:41  INFO     ✔️  2025-03-30 — Andrew Garfield : ❌ Pas lui. (4/7 exacts, 2/7 partiels)
10:25:44  INFO     ▶️  2025-03-31 — Tom Holland…
10:25:46  INFO     ▶️  2025-03-31 — Andrew Garfield…
10:25:57  INFO     ✔️  2025-03-30 — Tobey Maguire : ❌ Pas lui. (4/7 exacts, 2/7 partiels)
10:26:00  INFO     ✔️  2025-03-31 — Tom Holland : ❌ Pas lui. (3/7 exacts, 2/7 partiels)
10:26:03  INFO     ✔️  2025-03-31 — Andrew Garfield : ❌ Pas lui. (3/7 exacts, 1/7 partiels)
10:26:05  INFO     ▶️  2025-03-31 — Tobey Maguire…
10:26:07  INFO     ▶️  2025-04-01 — Tom Holland…
10:26:12  INFO     ▶️  2025-04-01 — Andrew Garfield…
10:26:22  INFO     ✔️  2025-03-31 — Tobey Maguire : ❌ Pas lui. (3/7 exacts, 1/7 partiels)
10:26:23  INFO     ✔️  2025-04-01 — Tom Holland : ❌ Pas lui. (3/7 exacts, 1/7 partiels)
10:26:28  INFO     ▶️  2025-04-01 — Tobey Maguire…
10:26:28  INFO     ✔️  2025-04-01 — Andrew Garfield : ❌ Pas lui. (3/7 exacts, 1/7 partiels)
10:26:29  INFO     ▶️  2025-04-02 — Tom Holland…
10:26:36  INFO     ▶️  2025-04-02 — Andrew Garfield…
10:26:44  INFO     ✔️  2025-04-01 — Tobey Maguire : ❌ Pas lui. (3/7 exacts, 1/7 partiels)
10:26:46  INFO     ✔️  2025-04-02 — Tom Holland : ❌ Pas lui. (2/7 exacts, 2/7 partiels)
10:26:49  INFO     ▶️  2025-04-02 — Tobey Maguire…
10:26:53  INFO     ✔️  2025-04-02 — Andrew Garfield : ❌ Pas lui. (3/7 exacts, 2/7 partiels)
10:26:53  INFO     ▶️  2025-04-03 — Tom Holland…
10:27:02  INFO     ▶️  2025-04-03 — Andrew Garfield…
10:27:06  INFO     ✔️  2025-04-02 — Tobey Maguire : ❌ Pas lui. (3/7 exacts, 2/7 partiels)
10:27:09  INFO     ✔️  2025-04-03 — Tom Holland : ❌ Pas lui. (2/7 exacts, 1/7 partiels)
10:27:16  INFO     ▶️  2025-04-03 — Tobey Maguire…
10:27:18  INFO     ▶️  2025-04-04 — Tom Holland…
10:27:18  INFO     ✔️  2025-04-03 — Andrew Garfield : ❌ Pas lui. (3/7 exacts, 1/7 partiels)
10:27:23  INFO     ▶️  2025-04-04 — Andrew Garfield…
10:27:32  INFO     ✔️  2025-04-03 — Tobey Maguire : ❌ Pas lui. (3/7 exacts, 1/7 partiels)
10:27:34  INFO     ✔️  2025-04-04 — Tom Holland : ❌ Pas lui. (3/7 exacts, 1/7 partiels)
10:27:38  INFO     ▶️  2025-04-04 — Tobey Maguire…
10:27:40  INFO     ✔️  2025-04-04 — Andrew Garfield : ❌ Pas lui. (4/7 exacts, 1/7 partiels)
10:27:41  INFO     ▶️  2025-04-05 — Tom Holland…
10:27:45  INFO     ▶️  2025-04-05 — Andrew Garfield…
10:27:55  INFO     ✔️  2025-04-04 — Tobey Maguire : ❌ Pas lui. (4/7 exacts, 1/7 partiels)
10:27:57  INFO     ✔️  2025-04-05 — Tom Holland : ❌ Pas lui. (2/7 exacts, 1/7 partiels)
10:28:01  INFO     ✔️  2025-04-05 — Andrew Garfield : ❌ Pas lui. (2/7 exacts, 1/7 partiels)
10:28:03  INFO     ▶️  2025-04-05 — Tobey Maguire…
10:28:04  INFO     ▶️  2025-04-06 — Tom Holland…
10:28:08  INFO     ▶️  2025-04-06 — Andrew Garfield…
10:28:19  INFO     ✔️  2025-04-05 — Tobey Maguire : ❌ Pas lui. (2/7 exacts, 1/7 partiels)
10:28:20  INFO     ✔️  2025-04-06 — Tom Holland : ❌ Pas lui. (1/7 exacts, 1/7 partiels)
10:28:24  INFO     ✔️  2025-04-06 — Andrew Garfield : ❌ Pas lui. (2/7 exacts, 1/7 partiels)
10:28:26  INFO     ▶️  2025-04-06 — Tobey Maguire…
10:28:27  INFO     ▶️  2025-04-07 — Tom Holland…
10:28:29  INFO     ▶️  2025-04-07 — Andrew Garfield…
10:28:43  INFO     ✔️  2025-04-06 — Tobey Maguire : ❌ Pas lui. (2/7 exacts, 1/7 partiels)
10:28:43  INFO     ✔️  2025-04-07 — Tom Holland : ❌ Pas lui. (2/7 exacts, 1/7 partiels)
10:28:45  INFO     ✔️  2025-04-07 — Andrew Garfield : ❌ Pas lui. (3/7 exacts, 1/7 partiels)
10:28:48  INFO     ▶️  2025-04-07 — Tobey Maguire…
10:28:51  INFO     ▶️  2025-04-08 — Tom Holland…
10:28:52  INFO     ▶️  2025-04-08 — Andrew Garfield…
10:29:04  INFO     ✔️  2025-04-07 — Tobey Maguire : ❌ Pas lui. (3/7 exacts, 1/7 partiels)
10:29:07  INFO     ✔️  2025-04-08 — Tom Holland : ❌ Pas lui. (1/7 exacts, 2/7 partiels)
10:29:08  INFO     ✔️  2025-04-08 — Andrew Garfield : ❌ Pas lui. (1/7 exacts, 2/7 partiels)
10:29:10  INFO     ▶️  2025-04-08 — Tobey Maguire…
10:29:13  INFO     ▶️  2025-04-09 — Tom Holland…
10:29:16  INFO     ▶️  2025-04-09 — Andrew Garfield…
10:29:26  INFO     ✔️  2025-04-08 — Tobey Maguire : ❌ Pas lui. (1/7 exacts, 2/7 partiels)
10:29:29  INFO     ✔️  2025-04-09 — Tom Holland : ❌ Pas lui. (2/7 exacts, 1/7 partiels)
10:29:33  INFO     ✔️  2025-04-09 — Andrew Garfield : ❌ Pas lui. (2/7 exacts, 1/7 partiels)
10:29:34  INFO     ▶️  2025-04-09 — Tobey Maguire…
10:29:36  INFO     ▶️  2025-04-10 — Tom Holland…
10:29:41  INFO     ▶️  2025-04-10 — Andrew Garfield…
10:29:50  INFO     ✔️  2025-04-09 — Tobey Maguire : ❌ Pas lui. (2/7 exacts, 1/7 partiels)
10:29:53  INFO     ✔️  2025-04-10 — Tom Holland : ❌ Pas lui. (2/7 exacts, 1/7 partiels)
10:29:57  INFO     ▶️  2025-04-10 — Tobey Maguire…
10:29:58  INFO     ✔️  2025-04-10 — Andrew Garfield : ❌ Pas lui. (2/7 exacts, 1/7 partiels)
10:30:02  INFO     ▶️  2025-04-11 — Tom Holland…
10:30:03  INFO     ▶️  2025-04-11 — Andrew Garfield…
10:30:13  INFO     ✔️  2025-04-10 — Tobey Maguire : ❌ Pas lui. (2/7 exacts, 1/7 partiels)
10:30:19  INFO     ✔️  2025-04-11 — Tom Holland : ❌ Pas lui. (0/7 exacts, 1/7 partiels)
10:30:20  INFO     ✔️  2025-04-11 — Andrew Garfield : ❌ Pas lui. (1/7 exacts, 1/7 partiels)
10:30:23  INFO     ▶️  2025-04-11 — Tobey Maguire…
10:30:28  INFO     ▶️  2025-04-12 — Tom Holland…
10:30:29  INFO     ▶️  2025-04-12 — Andrew Garfield…
10:30:40  INFO     ✔️  2025-04-11 — Tobey Maguire : ❌ Pas lui. (1/7 exacts, 1/7 partiels)
10:30:44  INFO     ✔️  2025-04-12 — Tom Holland : ❌ Pas lui. (2/7 exacts, 2/7 partiels)
10:30:46  INFO     ✔️  2025-04-12 — Andrew Garfield : ❌ Pas lui. (2/7 exacts, 2/7 partiels)
10:30:49  INFO     ▶️  2025-04-12 — Tobey Maguire…
10:30:50  INFO     ▶️  2025-04-13 — Tom Holland…
10:30:53  INFO     ▶️  2025-04-13 — Andrew Garfield…
10:31:06  INFO     ✔️  2025-04-13 — Tom Holland : ❌ Pas lui. (5/7 exacts, 1/7 partiels)
10:31:06  INFO     ✔️  2025-04-12 — Tobey Maguire : ❌ Pas lui. (2/7 exacts, 2/7 partiels)
10:31:09  INFO     ✔️  2025-04-13 — Andrew Garfield : ❌ Pas lui. (5/7 exacts, 1/7 partiels)
10:31:12  INFO     ▶️  2025-04-13 — Tobey Maguire…
10:31:13  INFO     ▶️  2025-04-14 — Tom Holland…
10:31:19  INFO     ▶️  2025-04-14 — Andrew Garfield…
10:31:29  INFO     ✔️  2025-04-13 — Tobey Maguire : ❌ Pas lui. (5/7 exacts, 1/7 partiels)
10:31:29  INFO     ✔️  2025-04-14 — Tom Holland : ❌ Pas lui. (3/7 exacts, 1/7 partiels)
10:31:34  INFO     ▶️  2025-04-14 — Tobey Maguire…
10:31:36  INFO     ✔️  2025-04-14 — Andrew Garfield : ❌ Pas lui. (3/7 exacts, 1/7 partiels)
10:31:39  INFO     ▶️  2025-04-15 — Tom Holland…
10:31:45  INFO     ▶️  2025-04-15 — Andrew Garfield…
10:31:50  INFO     ✔️  2025-04-14 — Tobey Maguire : ❌ Pas lui. (3/7 exacts, 1/7 partiels)
10:31:55  INFO     ✔️  2025-04-15 — Tom Holland : ❌ Pas lui. (5/7 exacts, 2/7 partiels)
10:31:56  INFO     ▶️  2025-04-15 — Tobey Maguire…
10:32:02  INFO     ✔️  2025-04-15 — Andrew Garfield : ❌ Pas lui. (5/7 exacts, 1/7 partiels)
10:32:04  INFO     ▶️  2025-04-16 — Tom Holland…
10:32:10  INFO     ▶️  2025-04-16 — Andrew Garfield…
10:32:13  INFO     ✔️  2025-04-15 — Tobey Maguire : ❌ Pas lui. (5/7 exacts, 1/7 partiels)
10:32:19  INFO     ▶️  2025-04-16 — Tobey Maguire…
10:32:20  INFO     ✔️  2025-04-16 — Tom Holland : ❌ Pas lui. (2/7 exacts, 2/7 partiels)
10:32:26  INFO     ▶️  2025-04-17 — Tom Holland…
10:32:27  INFO     ✔️  2025-04-16 — Andrew Garfield : ❌ Pas lui. (3/7 exacts, 2/7 partiels)
10:32:33  INFO     ▶️  2025-04-17 — Andrew Garfield…
10:32:35  INFO     ✔️  2025-04-16 — Tobey Maguire : ❌ Pas lui. (3/7 exacts, 2/7 partiels)
10:32:42  INFO     ▶️  2025-04-17 — Tobey Maguire…
10:32:43  INFO     ✔️  2025-04-17 — Tom Holland : ❌ Pas lui. (4/7 exacts, 2/7 partiels)
10:32:50  INFO     ✔️  2025-04-17 — Andrew Garfield : ❌ Pas lui. (4/7 exacts, 1/7 partiels)
10:32:51  INFO     ▶️  2025-04-18 — Tom Holland…
10:32:57  INFO     ▶️  2025-04-18 — Andrew Garfield…
10:32:59  INFO     ✔️  2025-04-17 — Tobey Maguire : ❌ Pas lui. (4/7 exacts, 1/7 partiels)
10:33:07  INFO     ✔️  2025-04-18 — Tom Holland : ❌ Pas lui. (3/7 exacts, 1/7 partiels)
10:33:07  INFO     ▶️  2025-04-18 — Tobey Maguire…
10:33:13  INFO     ▶️  2025-04-19 — Tom Holland…
10:33:14  INFO     ✔️  2025-04-18 — Andrew Garfield : ❌ Pas lui. (4/7 exacts, 1/7 partiels)
10:33:19  INFO     ▶️  2025-04-19 — Andrew Garfield…
10:33:24  INFO     ✔️  2025-04-18 — Tobey Maguire : ❌ Pas lui. (4/7 exacts, 1/7 partiels)
10:33:29  INFO     ✔️  2025-04-19 — Tom Holland : ❌ Pas lui. (3/7 exacts, 1/7 partiels)
10:33:30  INFO     ▶️  2025-04-19 — Tobey Maguire…
10:33:36  INFO     ✔️  2025-04-19 — Andrew Garfield : ❌ Pas lui. (4/7 exacts, 1/7 partiels)
10:33:38  INFO     ▶️  2025-04-20 — Tom Holland…
10:33:44  INFO     ▶️  2025-04-20 — Andrew Garfield…
10:33:47  INFO     ✔️  2025-04-19 — Tobey Maguire : ❌ Pas lui. (4/7 exacts, 1/7 partiels)
10:33:51  INFO     ▶️  2025-04-20 — Tobey Maguire…
10:33:54  INFO     ✔️  2025-04-20 — Tom Holland : ❌ Pas lui. (1/7 exacts, 2/7 partiels)
10:34:00  INFO     ✔️  2025-04-20 — Andrew Garfield : ❌ Pas lui. (1/7 exacts, 2/7 partiels)
10:34:04  INFO     ▶️  2025-04-21 — Tom Holland…
10:34:06  INFO     ▶️  2025-04-21 — Andrew Garfield…
10:34:08  INFO     ✔️  2025-04-20 — Tobey Maguire : ❌ Pas lui. (1/7 exacts, 2/7 partiels)
10:34:13  INFO     ▶️  2025-04-21 — Tobey Maguire…
10:34:20  INFO     ✔️  2025-04-21 — Tom Holland : ❌ Pas lui. (3/7 exacts, 2/7 partiels)
10:34:23  INFO     ✔️  2025-04-21 — Andrew Garfield : ❌ Pas lui. (3/7 exacts, 2/7 partiels)
10:34:28  INFO     ▶️  2025-04-22 — Tom Holland…
10:34:30  INFO     ✔️  2025-04-21 — Tobey Maguire : ❌ Pas lui. (3/7 exacts, 2/7 partiels)
10:34:32  INFO     ▶️  2025-04-22 — Andrew Garfield…
10:34:40  INFO     ▶️  2025-04-22 — Tobey Maguire…
10:34:44  INFO     ✔️  2025-04-22 — Tom Holland : ❌ Pas lui. (1/7 exacts, 2/7 partiels)
10:34:49  INFO     ✔️  2025-04-22 — Andrew Garfield : ❌ Pas lui. (1/7 exacts, 2/7 partiels)
10:34:52  INFO     ▶️  2025-04-23 — Tom Holland…
10:34:56  INFO     ✔️  2025-04-22 — Tobey Maguire : ❌ Pas lui. (1/7 exacts, 2/7 partiels)
10:34:56  INFO     ▶️  2025-04-23 — Andrew Garfield…
10:35:05  INFO     ▶️  2025-04-23 — Tobey Maguire…
10:35:08  INFO     ✔️  2025-04-23 — Tom Holland : ❌ Pas lui. (2/7 exacts, 1/7 partiels)
10:35:13  INFO     ✔️  2025-04-23 — Andrew Garfield : ❌ Pas lui. (2/7 exacts, 1/7 partiels)
10:35:17  INFO     ▶️  2025-04-24 — Tom Holland…
10:35:19  INFO     ▶️  2025-04-24 — Andrew Garfield…
10:35:21  INFO     ✔️  2025-04-23 — Tobey Maguire : ❌ Pas lui. (2/7 exacts, 1/7 partiels)
10:35:26  INFO     ▶️  2025-04-24 — Tobey Maguire…
10:35:33  INFO     ✔️  2025-04-24 — Tom Holland : ❌ Pas lui. (1/7 exacts, 1/7 partiels)
10:35:36  INFO     ✔️  2025-04-24 — Andrew Garfield : ❌ Pas lui. (2/7 exacts, 1/7 partiels)
10:35:40  INFO     ▶️  2025-04-25 — Tom Holland…
10:35:42  INFO     ✔️  2025-04-24 — Tobey Maguire : ❌ Pas lui. (2/7 exacts, 1/7 partiels)
10:35:43  INFO     ▶️  2025-04-25 — Andrew Garfield…
10:35:49  INFO     ▶️  2025-04-25 — Tobey Maguire…
10:35:56  INFO     ✔️  2025-04-25 — Tom Holland : ❌ Pas lui. (2/7 exacts, 1/7 partiels)
10:36:00  INFO     ✔️  2025-04-25 — Andrew Garfield : ❌ Pas lui. (2/7 exacts, 1/7 partiels)
10:36:04  INFO     ▶️  2025-04-26 — Tom Holland…
10:36:06  INFO     ✔️  2025-04-25 — Tobey Maguire : ❌ Pas lui. (2/7 exacts, 1/7 partiels)
10:36:08  INFO     ▶️  2025-04-26 — Andrew Garfield…
10:36:12  INFO     ▶️  2025-04-26 — Tobey Maguire…
10:36:20  INFO     ✔️  2025-04-26 — Tom Holland : ❌ Pas lui. (3/7 exacts, 1/7 partiels)
10:36:25  INFO     ✔️  2025-04-26 — Andrew Garfield : ❌ Pas lui. (4/7 exacts, 1/7 partiels)
10:36:27  INFO     ▶️  2025-04-27 — Tom Holland…
10:36:29  INFO     ✔️  2025-04-26 — Tobey Maguire : ❌ Pas lui. (4/7 exacts, 1/7 partiels)
10:36:32  INFO     ▶️  2025-04-27 — Andrew Garfield…
10:36:35  INFO     ▶️  2025-04-27 — Tobey Maguire…
10:36:43  INFO     ✔️  2025-04-27 — Tom Holland : ❌ Pas lui. (2/7 exacts, 0/7 partiels)
10:36:49  INFO     ✔️  2025-04-27 — Andrew Garfield : ❌ Pas lui. (2/7 exacts, 0/7 partiels)
10:36:51  INFO     ✔️  2025-04-27 — Tobey Maguire : ❌ Pas lui. (2/7 exacts, 0/7 partiels)
10:36:53  INFO     ▶️  2025-04-28 — Tom Holland…
10:36:57  INFO     ▶️  2025-04-28 — Andrew Garfield…
10:36:58  INFO     ▶️  2025-04-28 — Tobey Maguire…
10:37:09  INFO     ✔️  2025-04-28 — Tom Holland : ❌ Pas lui. (2/7 exacts, 3/7 partiels)
10:37:14  INFO     ✔️  2025-04-28 — Andrew Garfield : ❌ Pas lui. (2/7 exacts, 3/7 partiels)
10:37:15  INFO     ✔️  2025-04-28 — Tobey Maguire : ❌ Pas lui. (2/7 exacts, 3/7 partiels)
10:37:16  INFO     ▶️  2025-04-29 — Tom Holland…
10:37:18  INFO     ▶️  2025-04-29 — Andrew Garfield…
10:37:22  INFO     ▶️  2025-04-29 — Tobey Maguire…
10:37:33  INFO     ✔️  2025-04-29 — Tom Holland : ❌ Pas lui. (2/7 exacts, 1/7 partiels)
10:37:35  INFO     ✔️  2025-04-29 — Andrew Garfield : ❌ Pas lui. (3/7 exacts, 1/7 partiels)
10:37:37  INFO     ▶️  2025-04-30 — Tom Holland…
10:37:38  INFO     ✔️  2025-04-29 — Tobey Maguire : ❌ Pas lui. (3/7 exacts, 1/7 partiels)
10:37:39  INFO     ▶️  2025-04-30 — Andrew Garfield…
10:37:47  INFO     ▶️  2025-04-30 — Tobey Maguire…
10:37:53  INFO     ✔️  2025-04-30 — Tom Holland : ❌ Pas lui. (3/7 exacts, 1/7 partiels)
10:37:56  INFO     ✔️  2025-04-30 — Andrew Garfield : ❌ Pas lui. (4/7 exacts, 1/7 partiels)
10:38:01  INFO     ▶️  2025-05-01 — Tom Holland…
10:38:02  INFO     ▶️  2025-05-01 — Andrew Garfield…
10:38:04  INFO     ✔️  2025-04-30 — Tobey Maguire : ❌ Pas lui. (4/7 exacts, 1/7 partiels)
10:38:11  INFO     ▶️  2025-05-01 — Tobey Maguire…
10:38:17  INFO     ✔️  2025-05-01 — Tom Holland : ❌ Pas lui. (3/7 exacts, 1/7 partiels)
10:38:19  INFO     ✔️  2025-05-01 — Andrew Garfield : ❌ Pas lui. (3/7 exacts, 1/7 partiels)
10:38:24  INFO     ▶️  2025-05-02 — Tom Holland…
10:38:25  INFO     ▶️  2025-05-02 — Andrew Garfield…
10:38:28  INFO     ✔️  2025-05-01 — Tobey Maguire : ❌ Pas lui. (3/7 exacts, 1/7 partiels)
10:38:32  INFO     ▶️  2025-05-02 — Tobey Maguire…
10:38:41  INFO     ✔️  2025-05-02 — Tom Holland : ❌ Pas lui. (1/7 exacts, 2/7 partiels)
10:38:42  INFO     ✔️  2025-05-02 — Andrew Garfield : ❌ Pas lui. (1/7 exacts, 2/7 partiels)
10:38:46  INFO     ▶️  2025-05-03 — Tom Holland…
10:38:47  INFO     ▶️  2025-05-03 — Andrew Garfield…
10:38:49  INFO     ✔️  2025-05-02 — Tobey Maguire : ❌ Pas lui. (1/7 exacts, 2/7 partiels)
10:38:58  INFO     ▶️  2025-05-03 — Tobey Maguire…
10:39:03  INFO     ✔️  2025-05-03 — Tom Holland : ❌ Pas lui. (3/7 exacts, 1/7 partiels)
10:39:04  INFO     ✔️  2025-05-03 — Andrew Garfield : ❌ Pas lui. (4/7 exacts, 1/7 partiels)
10:39:09  INFO     ▶️  2025-05-04 — Tom Holland…
10:39:09  INFO     ▶️  2025-05-04 — Andrew Garfield…
10:39:14  INFO     ✔️  2025-05-03 — Tobey Maguire : ❌ Pas lui. (4/7 exacts, 1/7 partiels)
10:39:22  INFO     ▶️  2025-05-04 — Tobey Maguire…
10:39:25  INFO     ✔️  2025-05-04 — Tom Holland : ❌ Pas lui. (2/7 exacts, 2/7 partiels)
10:39:25  INFO     ✔️  2025-05-04 — Andrew Garfield : ❌ Pas lui. (2/7 exacts, 2/7 partiels)
10:39:31  INFO     ▶️  2025-05-05 — Tom Holland…
10:39:34  INFO     ▶️  2025-05-05 — Andrew Garfield…
10:39:39  INFO     ✔️  2025-05-04 — Tobey Maguire : ❌ Pas lui. (2/7 exacts, 2/7 partiels)
10:39:46  INFO     ▶️  2025-05-05 — Tobey Maguire…
10:39:48  INFO     ✔️  2025-05-05 — Tom Holland : ❌ Pas lui. (2/7 exacts, 0/7 partiels)
10:39:51  INFO     ✔️  2025-05-05 — Andrew Garfield : ❌ Pas lui. (3/7 exacts, 0/7 partiels)
10:39:57  INFO     ▶️  2025-05-06 — Tom Holland…
10:40:00  INFO     ▶️  2025-05-06 — Andrew Garfield…
10:40:02  INFO     ✔️  2025-05-05 — Tobey Maguire : ❌ Pas lui. (3/7 exacts, 0/7 partiels)
10:40:07  INFO     ▶️  2025-05-06 — Tobey Maguire…
10:40:13  INFO     ✔️  2025-05-06 — Tom Holland : ❌ Pas lui. (2/7 exacts, 2/7 partiels)
10:40:17  INFO     ✔️  2025-05-06 — Andrew Garfield : ❌ Pas lui. (2/7 exacts, 2/7 partiels)
10:40:19  INFO     ▶️  2025-05-07 — Tom Holland…
10:40:22  INFO     ▶️  2025-05-07 — Andrew Garfield…
10:40:24  INFO     ✔️  2025-05-06 — Tobey Maguire : ❌ Pas lui. (2/7 exacts, 2/7 partiels)
10:40:30  INFO     ▶️  2025-05-07 — Tobey Maguire…
10:40:35  INFO     ✔️  2025-05-07 — Tom Holland : ❌ Pas lui. (1/7 exacts, 1/7 partiels)
10:40:39  INFO     ✔️  2025-05-07 — Andrew Garfield : ❌ Pas lui. (1/7 exacts, 1/7 partiels)
10:40:43  INFO     ▶️  2025-05-08 — Tom Holland…
10:40:43  INFO     ▶️  2025-05-08 — Andrew Garfield…
10:40:47  INFO     ✔️  2025-05-07 — Tobey Maguire : ❌ Pas lui. (1/7 exacts, 1/7 partiels)
10:40:54  INFO     ▶️  2025-05-08 — Tobey Maguire…
10:40:59  INFO     ✔️  2025-05-08 — Tom Holland : ❌ Pas lui. (2/7 exacts, 1/7 partiels)
10:41:00  INFO     ✔️  2025-05-08 — Andrew Garfield : ❌ Pas lui. (3/7 exacts, 1/7 partiels)
10:41:04  INFO     ▶️  2025-05-09 — Tom Holland…
10:41:05  INFO     ▶️  2025-05-09 — Andrew Garfield…
10:41:11  INFO     ✔️  2025-05-08 — Tobey Maguire : ❌ Pas lui. (3/7 exacts, 1/7 partiels)
10:41:15  INFO     ▶️  2025-05-09 — Tobey Maguire…
10:41:20  INFO     ✔️  2025-05-09 — Tom Holland : ❌ Pas lui. (4/7 exacts, 1/7 partiels)
10:41:22  INFO     ✔️  2025-05-09 — Andrew Garfield : ❌ Pas lui. (5/7 exacts, 1/7 partiels)
10:41:26  INFO     ▶️  2025-05-10 — Tom Holland…
10:41:30  INFO     ▶️  2025-05-10 — Andrew Garfield…
10:41:32  INFO     ✔️  2025-05-09 — Tobey Maguire : ❌ Pas lui. (5/7 exacts, 1/7 partiels)
10:41:38  INFO     ▶️  2025-05-10 — Tobey Maguire…
10:41:42  INFO     ✔️  2025-05-10 — Tom Holland : ❌ Pas lui. (2/7 exacts, 1/7 partiels)
10:41:48  INFO     ▶️  2025-05-11 — Tom Holland…
10:41:51  INFO     ✔️  2025-05-10 — Andrew Garfield : ❌ Pas lui. (2/7 exacts, 1/7 partiels)
10:41:56  INFO     ▶️  2025-05-11 — Andrew Garfield…
10:41:59  INFO     ✔️  2025-05-10 — Tobey Maguire : ❌ Pas lui. (2/7 exacts, 1/7 partiels)
10:42:04  INFO     ▶️  2025-05-11 — Tobey Maguire…
10:42:04  INFO     ✔️  2025-05-11 — Tom Holland : ❌ Pas lui. (3/7 exacts, 1/7 partiels)
10:42:12  INFO     ✔️  2025-05-11 — Andrew Garfield : ❌ Pas lui. (3/7 exacts, 1/7 partiels)
10:42:13  INFO     ▶️  2025-05-12 — Tom Holland…
10:42:22  INFO     ▶️  2025-05-12 — Andrew Garfield…
10:42:24  INFO     ✔️  2025-05-11 — Tobey Maguire : ❌ Pas lui. (3/7 exacts, 1/7 partiels)
10:42:29  INFO     ✔️  2025-05-12 — Tom Holland : ❌ Pas lui. (3/7 exacts, 2/7 partiels)
10:42:30  INFO     ▶️  2025-05-12 — Tobey Maguire…
10:42:33  INFO     ▶️  2025-05-13 — Tom Holland…
10:42:38  INFO     ✔️  2025-05-12 — Andrew Garfield : ❌ Pas lui. (3/7 exacts, 2/7 partiels)
10:42:43  INFO     ▶️  2025-05-13 — Andrew Garfield…
10:42:47  INFO     ✔️  2025-05-12 — Tobey Maguire : ❌ Pas lui. (3/7 exacts, 2/7 partiels)
10:42:49  INFO     ✔️  2025-05-13 — Tom Holland : ❌ Pas lui. (3/7 exacts, 1/7 partiels)
10:42:52  INFO     ▶️  2025-05-13 — Tobey Maguire…
10:42:58  INFO     ▶️  2025-05-14 — Tom Holland…
10:42:59  INFO     ✔️  2025-05-13 — Andrew Garfield : ❌ Pas lui. (4/7 exacts, 1/7 partiels)
10:43:06  INFO     ▶️  2025-05-14 — Andrew Garfield…
10:43:09  INFO     ✔️  2025-05-13 — Tobey Maguire : ❌ Pas lui. (4/7 exacts, 1/7 partiels)
10:43:13  INFO     ▶️  2025-05-14 — Tobey Maguire…
10:43:15  INFO     ✔️  2025-05-14 — Tom Holland : ❌ Pas lui. (2/7 exacts, 1/7 partiels)
10:43:23  INFO     ✔️  2025-05-14 — Andrew Garfield : ❌ Pas lui. (2/7 exacts, 1/7 partiels)
10:43:23  INFO     ▶️  2025-05-15 — Tom Holland…
10:43:28  INFO     ▶️  2025-05-15 — Andrew Garfield…
10:43:30  INFO     ✔️  2025-05-14 — Tobey Maguire : ❌ Pas lui. (2/7 exacts, 1/7 partiels)
10:43:37  INFO     ▶️  2025-05-15 — Tobey Maguire…
10:43:40  INFO     ✔️  2025-05-15 — Tom Holland : ❌ Pas lui. (1/7 exacts, 1/7 partiels)
10:43:44  INFO     ✔️  2025-05-15 — Andrew Garfield : ❌ Pas lui. (1/7 exacts, 1/7 partiels)
10:43:47  INFO     ▶️  2025-05-16 — Tom Holland…
10:43:49  INFO     ▶️  2025-05-16 — Andrew Garfield…
10:43:54  INFO     ✔️  2025-05-15 — Tobey Maguire : ❌ Pas lui. (1/7 exacts, 1/7 partiels)
10:44:02  INFO     ▶️  2025-05-16 — Tobey Maguire…
10:44:04  INFO     ✔️  2025-05-16 — Tom Holland : ❌ Pas lui. (2/7 exacts, 3/7 partiels)
10:44:05  INFO     ✔️  2025-05-16 — Andrew Garfield : ❌ Pas lui. (2/7 exacts, 3/7 partiels)
10:44:08  INFO     ▶️  2025-05-17 — Tom Holland…
10:44:11  INFO     ▶️  2025-05-17 — Andrew Garfield…
10:44:19  INFO     ✔️  2025-05-16 — Tobey Maguire : ❌ Pas lui. (2/7 exacts, 3/7 partiels)
10:44:23  INFO     ▶️  2025-05-17 — Tobey Maguire…
10:44:24  INFO     ✔️  2025-05-17 — Tom Holland : ❌ Pas lui. (2/7 exacts, 1/7 partiels)
10:44:27  INFO     ✔️  2025-05-17 — Andrew Garfield : ❌ Pas lui. (3/7 exacts, 1/7 partiels)
10:44:28  INFO     ▶️  2025-05-18 — Tom Holland…
10:44:32  INFO     ▶️  2025-05-18 — Andrew Garfield…
10:44:40  INFO     ✔️  2025-05-17 — Tobey Maguire : ❌ Pas lui. (3/7 exacts, 1/7 partiels)
10:44:44  INFO     ✔️  2025-05-18 — Tom Holland : ❌ Pas lui. (2/7 exacts, 1/7 partiels)
10:44:47  INFO     ▶️  2025-05-18 — Tobey Maguire…
10:44:48  INFO     ✔️  2025-05-18 — Andrew Garfield : ❌ Pas lui. (3/7 exacts, 1/7 partiels)
10:44:50  INFO     ▶️  2025-05-19 — Tom Holland…
10:44:53  INFO     ▶️  2025-05-19 — Andrew Garfield…
10:45:04  INFO     ✔️  2025-05-18 — Tobey Maguire : ❌ Pas lui. (3/7 exacts, 1/7 partiels)
10:45:06  INFO     ✔️  2025-05-19 — Tom Holland : ❌ Pas lui. (4/7 exacts, 1/7 partiels)
10:45:10  INFO     ✔️  2025-05-19 — Andrew Garfield : ❌ Pas lui. (4/7 exacts, 1/7 partiels)
10:45:11  INFO     ▶️  2025-05-19 — Tobey Maguire…
10:45:12  INFO     ▶️  2025-05-20 — Tom Holland…
10:45:15  INFO     ▶️  2025-05-20 — Andrew Garfield…
10:45:27  INFO     ✔️  2025-05-19 — Tobey Maguire : ❌ Pas lui. (4/7 exacts, 1/7 partiels)
10:45:29  INFO     ✔️  2025-05-20 — Tom Holland : ❌ Pas lui. (1/7 exacts, 1/7 partiels)
10:45:32  INFO     ✔️  2025-05-20 — Andrew Garfield : ❌ Pas lui. (1/7 exacts, 1/7 partiels)
10:45:35  INFO     ▶️  2025-05-20 — Tobey Maguire…
10:45:36  INFO     ▶️  2025-05-21 — Tom Holland…
10:45:41  INFO     ▶️  2025-05-21 — Andrew Garfield…
10:45:51  INFO     ✔️  2025-05-20 — Tobey Maguire : ❌ Pas lui. (1/7 exacts, 1/7 partiels)
10:45:52  INFO     ✔️  2025-05-21 — Tom Holland : ❌ Pas lui. (3/7 exacts, 2/7 partiels)
10:45:57  INFO     ✔️  2025-05-21 — Andrew Garfield : ❌ Pas lui. (3/7 exacts, 1/7 partiels)
10:45:58  INFO     ▶️  2025-05-21 — Tobey Maguire…
10:45:58  INFO     ▶️  2025-05-22 — Tom Holland…
10:46:06  INFO     ▶️  2025-05-22 — Andrew Garfield…
10:46:14  INFO     ✔️  2025-05-22 — Tom Holland : ❌ Pas lui. (2/7 exacts, 3/7 partiels)
10:46:15  INFO     ✔️  2025-05-21 — Tobey Maguire : ❌ Pas lui. (3/7 exacts, 1/7 partiels)
10:46:22  INFO     ✔️  2025-05-22 — Andrew Garfield : ❌ Pas lui. (2/7 exacts, 3/7 partiels)
10:46:23  INFO     ▶️  2025-05-22 — Tobey Maguire…
10:46:23  INFO     ▶️  2025-05-23 — Tom Holland…
10:46:29  INFO     ▶️  2025-05-23 — Andrew Garfield…
10:46:39  INFO     ✔️  2025-05-23 — Tom Holland : ❌ Pas lui. (4/7 exacts, 2/7 partiels)
10:46:39  INFO     ✔️  2025-05-22 — Tobey Maguire : ❌ Pas lui. (2/7 exacts, 3/7 partiels)
10:46:44  INFO     ▶️  2025-05-23 — Tobey Maguire…
10:46:45  INFO     ✔️  2025-05-23 — Andrew Garfield : ❌ Pas lui. (3/7 exacts, 2/7 partiels)
10:46:47  INFO     ▶️  2025-05-24 — Tom Holland…
10:46:54  INFO     ▶️  2025-05-24 — Andrew Garfield…
10:47:01  INFO     ✔️  2025-05-23 — Tobey Maguire : ❌ Pas lui. (3/7 exacts, 2/7 partiels)
10:47:03  INFO     ✔️  2025-05-24 — Tom Holland : ❌ Pas lui. (1/7 exacts, 0/7 partiels)
10:47:08  INFO     ▶️  2025-05-24 — Tobey Maguire…
10:47:10  INFO     ▶️  2025-05-25 — Tom Holland…
10:47:11  INFO     ✔️  2025-05-24 — Andrew Garfield : ❌ Pas lui. (2/7 exacts, 0/7 partiels)
10:47:17  INFO     ▶️  2025-05-25 — Andrew Garfield…
10:47:25  INFO     ✔️  2025-05-24 — Tobey Maguire : ❌ Pas lui. (2/7 exacts, 0/7 partiels)
10:47:27  INFO     ✔️  2025-05-25 — Tom Holland : ❌ Pas lui. (2/7 exacts, 2/7 partiels)
10:47:29  INFO     ▶️  2025-05-25 — Tobey Maguire…
10:47:31  INFO     ▶️  2025-05-26 — Tom Holland…
10:47:34  INFO     ✔️  2025-05-25 — Andrew Garfield : ❌ Pas lui. (2/7 exacts, 2/7 partiels)
10:47:42  INFO     ▶️  2025-05-26 — Andrew Garfield…
10:47:46  INFO     ✔️  2025-05-25 — Tobey Maguire : ❌ Pas lui. (2/7 exacts, 2/7 partiels)
10:47:48  INFO     ✔️  2025-05-26 — Tom Holland : ❌ Pas lui. (3/7 exacts, 1/7 partiels)
10:47:52  INFO     ▶️  2025-05-26 — Tobey Maguire…
10:47:55  INFO     ▶️  2025-05-27 — Tom Holland…
10:47:58  INFO     ✔️  2025-05-26 — Andrew Garfield : ❌ Pas lui. (3/7 exacts, 1/7 partiels)
10:48:08  INFO     ▶️  2025-05-27 — Andrew Garfield…
10:48:09  INFO     ✔️  2025-05-26 — Tobey Maguire : ❌ Pas lui. (3/7 exacts, 1/7 partiels)
10:48:11  INFO     ✔️  2025-05-27 — Tom Holland : ❌ Pas lui. (2/7 exacts, 2/7 partiels)
10:48:16  INFO     ▶️  2025-05-27 — Tobey Maguire…
10:48:18  INFO     ▶️  2025-05-28 — Tom Holland…
10:48:25  INFO     ✔️  2025-05-27 — Andrew Garfield : ❌ Pas lui. (2/7 exacts, 2/7 partiels)
10:48:32  INFO     ▶️  2025-05-28 — Andrew Garfield…
10:48:33  INFO     ✔️  2025-05-27 — Tobey Maguire : ❌ Pas lui. (2/7 exacts, 2/7 partiels)
10:48:35  INFO     ✔️  2025-05-28 — Tom Holland : ❌ Pas lui. (3/7 exacts, 1/7 partiels)
10:48:38  INFO     ▶️  2025-05-28 — Tobey Maguire…
10:48:40  INFO     ▶️  2025-05-29 — Tom Holland…
10:48:49  INFO     ✔️  2025-05-28 — Andrew Garfield : ❌ Pas lui. (3/7 exacts, 1/7 partiels)
10:48:54  INFO     ✔️  2025-05-28 — Tobey Maguire : ❌ Pas lui. (3/7 exacts, 1/7 partiels)
10:48:56  INFO     ✔️  2025-05-29 — Tom Holland : ❌ Pas lui. (3/7 exacts, 1/7 partiels)
10:48:57  INFO     ▶️  2025-05-29 — Andrew Garfield…
10:48:59  INFO     ▶️  2025-05-29 — Tobey Maguire…
10:49:02  INFO     ▶️  2025-05-30 — Tom Holland…
10:49:13  INFO     ✔️  2025-05-29 — Andrew Garfield : ❌ Pas lui. (4/7 exacts, 1/7 partiels)
10:49:16  INFO     ✔️  2025-05-29 — Tobey Maguire : ❌ Pas lui. (4/7 exacts, 1/7 partiels)
10:49:18  INFO     ✔️  2025-05-30 — Tom Holland : ❌ Pas lui. (4/7 exacts, 1/7 partiels)
10:49:22  INFO     ▶️  2025-05-30 — Andrew Garfield…
10:49:23  INFO     ▶️  2025-05-30 — Tobey Maguire…
10:49:27  INFO     ▶️  2025-05-31 — Tom Holland…
10:49:39  INFO     ✔️  2025-05-30 — Andrew Garfield : ❌ Pas lui. (4/7 exacts, 1/7 partiels)
10:49:39  INFO     ✔️  2025-05-30 — Tobey Maguire : ❌ Pas lui. (4/7 exacts, 1/7 partiels)
10:49:43  INFO     ✔️  2025-05-31 — Tom Holland : ✅ C'est lui ! (7/7 exacts, 0/7 partiels)
10:49:44  INFO     ▶️  2025-05-31 — Andrew Garfield…
10:49:46  INFO     ▶️  2025-05-31 — Tobey Maguire…
10:49:53  INFO     ▶️  2025-06-01 — Tom Holland…
10:50:01  INFO     ✔️  2025-05-31 — Andrew Garfield : ❌ Pas lui. (6/7 exacts, 0/7 partiels)
10:50:03  INFO     ✔️  2025-05-31 — Tobey Maguire : ❌ Pas lui. (6/7 exacts, 0/7 partiels)
10:50:09  INFO     ✔️  2025-06-01 — Tom Holland : ❌ Pas lui. (1/7 exacts, 2/7 partiels)
10:50:10  INFO     ▶️  2025-06-01 — Andrew Garfield…
10:50:12  INFO     ▶️  2025-06-01 — Tobey Maguire…
10:50:19  INFO     ▶️  2025-06-02 — Tom Holland…
10:50:27  INFO     ✔️  2025-06-01 — Andrew Garfield : ❌ Pas lui. (1/7 exacts, 2/7 partiels)
10:50:28  INFO     ✔️  2025-06-01 — Tobey Maguire : ❌ Pas lui. (1/7 exacts, 2/7 partiels)
10:50:35  INFO     ✔️  2025-06-02 — Tom Holland : ❌ Pas lui. (2/7 exacts, 2/7 partiels)
10:50:36  INFO     ▶️  2025-06-02 — Andrew Garfield…
10:50:37  INFO     ▶️  2025-06-02 — Tobey Maguire…
10:50:41  INFO     ▶️  2025-06-03 — Tom Holland…
10:50:53  INFO     ✔️  2025-06-02 — Andrew Garfield : ❌ Pas lui. (2/7 exacts, 2/7 partiels)
10:50:54  INFO     ✔️  2025-06-02 — Tobey Maguire : ❌ Pas lui. (2/7 exacts, 2/7 partiels)
10:50:57  INFO     ✔️  2025-06-03 — Tom Holland : ❌ Pas lui. (3/7 exacts, 1/7 partiels)
10:50:58  INFO     ▶️  2025-06-03 — Andrew Garfield…
10:51:00  INFO     ▶️  2025-06-03 — Tobey Maguire…
10:51:07  INFO     ▶️  2025-06-04 — Tom Holland…
10:51:15  INFO     ✔️  2025-06-03 — Andrew Garfield : ❌ Pas lui. (3/7 exacts, 1/7 partiels)
10:51:16  INFO     ✔️  2025-06-03 — Tobey Maguire : ❌ Pas lui. (3/7 exacts, 1/7 partiels)
10:51:21  INFO     ▶️  2025-06-04 — Andrew Garfield…
10:51:23  INFO     ✔️  2025-06-04 — Tom Holland : ❌ Pas lui. (3/7 exacts, 3/7 partiels)
10:51:24  INFO     ▶️  2025-06-04 — Tobey Maguire…
10:51:29  INFO     ▶️  2025-06-05 — Tom Holland…
10:51:38  INFO     ✔️  2025-06-04 — Andrew Garfield : ❌ Pas lui. (3/7 exacts, 2/7 partiels)
10:51:41  INFO     ✔️  2025-06-04 — Tobey Maguire : ❌ Pas lui. (3/7 exacts, 2/7 partiels)
10:51:42  INFO     ▶️  2025-06-05 — Andrew Garfield…
10:51:46  INFO     ▶️  2025-06-05 — Tobey Maguire…
10:51:46  INFO     ✔️  2025-06-05 — Tom Holland : ❌ Pas lui. (2/7 exacts, 2/7 partiels)
10:51:50  INFO     ▶️  2025-06-06 — Tom Holland…
10:51:59  INFO     ✔️  2025-06-05 — Andrew Garfield : ❌ Pas lui. (2/7 exacts, 1/7 partiels)
10:52:02  INFO     ✔️  2025-06-05 — Tobey Maguire : ❌ Pas lui. (2/7 exacts, 1/7 partiels)
10:52:04  INFO     ▶️  2025-06-06 — Andrew Garfield…
10:52:06  INFO     ✔️  2025-06-06 — Tom Holland : ❌ Pas lui. (1/7 exacts, 2/7 partiels)
10:52:12  INFO     ▶️  2025-06-06 — Tobey Maguire…
10:52:14  INFO     ▶️  2025-06-07 — Tom Holland…
10:52:21  INFO     ✔️  2025-06-06 — Andrew Garfield : ❌ Pas lui. (1/7 exacts, 2/7 partiels)
10:52:28  INFO     ▶️  2025-06-07 — Andrew Garfield…
10:52:28  INFO     ✔️  2025-06-06 — Tobey Maguire : ❌ Pas lui. (1/7 exacts, 2/7 partiels)
10:52:30  INFO     ✔️  2025-06-07 — Tom Holland : ❌ Pas lui. (0/7 exacts, 1/7 partiels)
10:52:34  INFO     ▶️  2025-06-07 — Tobey Maguire…
10:52:39  INFO     ▶️  2025-06-08 — Tom Holland…
10:52:45  INFO     ✔️  2025-06-07 — Andrew Garfield : ❌ Pas lui. (1/7 exacts, 1/7 partiels)
10:52:50  INFO     ✔️  2025-06-07 — Tobey Maguire : ❌ Pas lui. (1/7 exacts, 1/7 partiels)
10:52:51  INFO     ▶️  2025-06-08 — Andrew Garfield…
10:52:55  INFO     ✔️  2025-06-08 — Tom Holland : ❌ Pas lui. (4/7 exacts, 3/7 partiels)
10:52:57  INFO     ▶️  2025-06-08 — Tobey Maguire…
10:53:01  INFO     ▶️  2025-06-09 — Tom Holland…
10:53:08  INFO     ✔️  2025-06-08 — Andrew Garfield : ❌ Pas lui. (4/7 exacts, 2/7 partiels)
10:53:13  INFO     ▶️  2025-06-09 — Andrew Garfield…
10:53:14  INFO     ✔️  2025-06-08 — Tobey Maguire : ❌ Pas lui. (4/7 exacts, 2/7 partiels)
10:53:17  INFO     ✔️  2025-06-09 — Tom Holland : ❌ Pas lui. (2/7 exacts, 1/7 partiels)
10:53:22  INFO     ▶️  2025-06-09 — Tobey Maguire…
10:53:25  INFO     ▶️  2025-06-10 — Tom Holland…
10:53:30  INFO     ✔️  2025-06-09 — Andrew Garfield : ❌ Pas lui. (2/7 exacts, 1/7 partiels)
10:53:37  INFO     ▶️  2025-06-10 — Andrew Garfield…
10:53:39  INFO     ✔️  2025-06-09 — Tobey Maguire : ❌ Pas lui. (2/7 exacts, 1/7 partiels)
10:53:41  INFO     ✔️  2025-06-10 — Tom Holland : ❌ Pas lui. (2/7 exacts, 2/7 partiels)
10:53:44  INFO     ▶️  2025-06-10 — Tobey Maguire…
10:53:49  INFO     ▶️  2025-06-11 — Tom Holland…
10:53:53  INFO     ✔️  2025-06-10 — Andrew Garfield : ❌ Pas lui. (3/7 exacts, 2/7 partiels)
10:54:01  INFO     ✔️  2025-06-10 — Tobey Maguire : ❌ Pas lui. (3/7 exacts, 2/7 partiels)
10:54:02  INFO     ▶️  2025-06-11 — Andrew Garfield…
10:54:06  INFO     ✔️  2025-06-11 — Tom Holland : ❌ Pas lui. (3/7 exacts, 2/7 partiels)
10:54:07  INFO     ▶️  2025-06-11 — Tobey Maguire…
10:54:11  INFO     ▶️  2025-06-12 — Tom Holland…
10:54:18  INFO     ✔️  2025-06-11 — Andrew Garfield : ❌ Pas lui. (3/7 exacts, 2/7 partiels)
10:54:24  INFO     ✔️  2025-06-11 — Tobey Maguire : ❌ Pas lui. (3/7 exacts, 2/7 partiels)
10:54:26  INFO     ▶️  2025-06-12 — Andrew Garfield…
10:54:27  INFO     ✔️  2025-06-12 — Tom Holland : ❌ Pas lui. (1/7 exacts, 0/7 partiels)
10:54:30  INFO     ▶️  2025-06-12 — Tobey Maguire…
10:54:34  INFO     ▶️  2025-06-13 — Tom Holland…
10:54:42  INFO     ✔️  2025-06-12 — Andrew Garfield : ❌ Pas lui. (2/7 exacts, 0/7 partiels)
10:54:47  INFO     ✔️  2025-06-12 — Tobey Maguire : ❌ Pas lui. (2/7 exacts, 0/7 partiels)
10:54:47  INFO     ▶️  2025-06-13 — Andrew Garfield…
10:54:51  INFO     ✔️  2025-06-13 — Tom Holland : ❌ Pas lui. (3/7 exacts, 2/7 partiels)
10:54:52  INFO     ▶️  2025-06-13 — Tobey Maguire…
10:54:57  INFO     ▶️  2025-06-14 — Tom Holland…
10:55:04  INFO     ✔️  2025-06-13 — Andrew Garfield : ❌ Pas lui. (3/7 exacts, 2/7 partiels)
10:55:08  INFO     ✔️  2025-06-13 — Tobey Maguire : ❌ Pas lui. (3/7 exacts, 2/7 partiels)
10:55:11  INFO     ▶️  2025-06-14 — Andrew Garfield…
10:55:13  INFO     ✔️  2025-06-14 — Tom Holland : ❌ Pas lui. (3/7 exacts, 3/7 partiels)
10:55:15  INFO     ▶️  2025-06-14 — Tobey Maguire…
10:55:20  INFO     ▶️  2025-06-15 — Tom Holland…
10:55:28  INFO     ✔️  2025-06-14 — Andrew Garfield : ❌ Pas lui. (3/7 exacts, 2/7 partiels)
10:55:32  INFO     ✔️  2025-06-14 — Tobey Maguire : ❌ Pas lui. (3/7 exacts, 2/7 partiels)
10:55:34  INFO     ▶️  2025-06-15 — Andrew Garfield…
10:55:37  INFO     ✔️  2025-06-15 — Tom Holland : ❌ Pas lui. (2/7 exacts, 1/7 partiels)
10:55:40  INFO     ▶️  2025-06-15 — Tobey Maguire…
10:55:41  INFO     ▶️  2025-06-16 — Tom Holland…
10:55:51  INFO     ✔️  2025-06-15 — Andrew Garfield : ❌ Pas lui. (2/7 exacts, 1/7 partiels)
10:55:57  INFO     ✔️  2025-06-15 — Tobey Maguire : ❌ Pas lui. (2/7 exacts, 1/7 partiels)
10:55:57  INFO     ✔️  2025-06-16 — Tom Holland : ❌ Pas lui. (3/7 exacts, 1/7 partiels)
10:55:58  INFO     ▶️  2025-06-16 — Andrew Garfield…
10:56:03  INFO     ▶️  2025-06-16 — Tobey Maguire…
10:56:06  INFO     ▶️  2025-06-17 — Tom Holland…
10:56:14  INFO     ✔️  2025-06-16 — Andrew Garfield : ❌ Pas lui. (3/7 exacts, 1/7 partiels)
10:56:19  INFO     ✔️  2025-06-16 — Tobey Maguire : ❌ Pas lui. (3/7 exacts, 1/7 partiels)
10:56:21  INFO     ▶️  2025-06-17 — Andrew Garfield…
10:56:22  INFO     ✔️  2025-06-17 — Tom Holland : ❌ Pas lui. (2/7 exacts, 1/7 partiels)
10:56:28  INFO     ▶️  2025-06-17 — Tobey Maguire…
10:56:28  INFO     ▶️  2025-06-18 — Tom Holland…
10:56:38  INFO     ✔️  2025-06-17 — Andrew Garfield : ❌ Pas lui. (2/7 exacts, 1/7 partiels)
10:56:44  INFO     ✔️  2025-06-17 — Tobey Maguire : ❌ Pas lui. (2/7 exacts, 1/7 partiels)
10:56:45  INFO     ✔️  2025-06-18 — Tom Holland : ❌ Pas lui. (4/7 exacts, 2/7 partiels)
10:56:46  INFO     ▶️  2025-06-18 — Andrew Garfield…
10:56:49  INFO     ▶️  2025-06-18 — Tobey Maguire…
10:56:52  INFO     ▶️  2025-06-19 — Tom Holland…
10:57:03  INFO     ✔️  2025-06-18 — Andrew Garfield : ❌ Pas lui. (4/7 exacts, 2/7 partiels)
10:57:06  INFO     ✔️  2025-06-18 — Tobey Maguire : ❌ Pas lui. (4/7 exacts, 2/7 partiels)
10:57:07  INFO     ▶️  2025-06-19 — Andrew Garfield…
10:57:08  INFO     ✔️  2025-06-19 — Tom Holland : ❌ Pas lui. (0/7 exacts, 0/7 partiels)
10:57:13  INFO     ▶️  2025-06-19 — Tobey Maguire…
10:57:13  INFO     ▶️  2025-06-20 — Tom Holland…
10:57:24  INFO     ✔️  2025-06-19 — Andrew Garfield : ❌ Pas lui. (0/7 exacts, 0/7 partiels)
10:57:29  INFO     ▶️  2025-06-20 — Andrew Garfield…
10:57:29  INFO     ✔️  2025-06-19 — Tobey Maguire : ❌ Pas lui. (0/7 exacts, 0/7 partiels)
10:57:29  INFO     ✔️  2025-06-20 — Tom Holland : ❌ Pas lui. (2/7 exacts, 1/7 partiels)
10:57:34  INFO     ▶️  2025-06-20 — Tobey Maguire…
10:57:36  INFO     ▶️  2025-06-21 — Tom Holland…
10:57:45  INFO     ✔️  2025-06-20 — Andrew Garfield : ❌ Pas lui. (3/7 exacts, 1/7 partiels)
10:57:50  INFO     ✔️  2025-06-20 — Tobey Maguire : ❌ Pas lui. (3/7 exacts, 1/7 partiels)
10:57:51  INFO     ▶️  2025-06-21 — Andrew Garfield…
10:57:54  INFO     ✔️  2025-06-21 — Tom Holland : ❌ Pas lui. (3/7 exacts, 2/7 partiels)
10:57:56  INFO     ▶️  2025-06-21 — Tobey Maguire…
10:58:01  INFO     ▶️  2025-06-22 — Tom Holland…
10:58:07  INFO     ✔️  2025-06-21 — Andrew Garfield : ❌ Pas lui. (4/7 exacts, 2/7 partiels)
10:58:12  INFO     ✔️  2025-06-21 — Tobey Maguire : ❌ Pas lui. (4/7 exacts, 2/7 partiels)
10:58:17  INFO     ✔️  2025-06-22 — Tom Holland : ❌ Pas lui. (2/7 exacts, 2/7 partiels)
10:58:17  INFO     ▶️  2025-06-22 — Andrew Garfield…
10:58:19  INFO     ▶️  2025-06-22 — Tobey Maguire…
10:58:21  INFO     ▶️  2025-06-23 — Tom Holland…
10:58:33  INFO     ✔️  2025-06-22 — Andrew Garfield : ❌ Pas lui. (2/7 exacts, 1/7 partiels)
10:58:36  INFO     ✔️  2025-06-22 — Tobey Maguire : ❌ Pas lui. (2/7 exacts, 1/7 partiels)
10:58:38  INFO     ✔️  2025-06-23 — Tom Holland : ❌ Pas lui. (3/7 exacts, 1/7 partiels)
10:58:38  INFO     ▶️  2025-06-23 — Andrew Garfield…
10:58:40  INFO     ▶️  2025-06-23 — Tobey Maguire…
10:58:47  INFO     ▶️  2025-06-24 — Tom Holland…
10:58:55  INFO     ✔️  2025-06-23 — Andrew Garfield : ❌ Pas lui. (3/7 exacts, 1/7 partiels)
10:58:57  INFO     ✔️  2025-06-23 — Tobey Maguire : ❌ Pas lui. (3/7 exacts, 1/7 partiels)
10:59:03  INFO     ✔️  2025-06-24 — Tom Holland : ❌ Pas lui. (4/7 exacts, 2/7 partiels)
10:59:04  INFO     ▶️  2025-06-24 — Andrew Garfield…
10:59:05  INFO     ▶️  2025-06-24 — Tobey Maguire…
10:59:10  INFO     ▶️  2025-06-25 — Tom Holland…
10:59:21  INFO     ✔️  2025-06-24 — Andrew Garfield : ❌ Pas lui. (4/7 exacts, 1/7 partiels)
10:59:22  INFO     ✔️  2025-06-24 — Tobey Maguire : ❌ Pas lui. (4/7 exacts, 1/7 partiels)
10:59:26  INFO     ▶️  2025-06-25 — Andrew Garfield…
10:59:27  INFO     ✔️  2025-06-25 — Tom Holland : ❌ Pas lui. (2/7 exacts, 1/7 partiels)
10:59:32  INFO     ▶️  2025-06-25 — Tobey Maguire…
10:59:33  INFO     ▶️  2025-06-26 — Tom Holland…
10:59:42  INFO     ✔️  2025-06-25 — Andrew Garfield : ❌ Pas lui. (3/7 exacts, 1/7 partiels)
10:59:48  INFO     ✔️  2025-06-25 — Tobey Maguire : ❌ Pas lui. (3/7 exacts, 1/7 partiels)
10:59:48  INFO     ▶️  2025-06-26 — Andrew Garfield…
10:59:49  INFO     ✔️  2025-06-26 — Tom Holland : ❌ Pas lui. (1/7 exacts, 2/7 partiels)
10:59:54  INFO     ▶️  2025-06-26 — Tobey Maguire…
10:59:55  INFO     ▶️  2025-06-27 — Tom Holland…
11:00:05  INFO     ✔️  2025-06-26 — Andrew Garfield : ❌ Pas lui. (2/7 exacts, 2/7 partiels)
11:00:09  INFO     ▶️  2025-06-27 — Andrew Garfield…
11:00:11  INFO     ✔️  2025-06-26 — Tobey Maguire : ❌ Pas lui. (2/7 exacts, 2/7 partiels)
11:00:11  INFO     ✔️  2025-06-27 — Tom Holland : ❌ Pas lui. (3/7 exacts, 3/7 partiels)
11:00:15  INFO     ▶️  2025-06-27 — Tobey Maguire…
11:00:19  INFO     ▶️  2025-06-28 — Tom Holland…
11:00:26  INFO     ✔️  2025-06-27 — Andrew Garfield : ❌ Pas lui. (3/7 exacts, 2/7 partiels)
11:00:32  INFO     ✔️  2025-06-27 — Tobey Maguire : ❌ Pas lui. (3/7 exacts, 2/7 partiels)
11:00:35  INFO     ▶️  2025-06-28 — Andrew Garfield…
11:00:35  INFO     ✔️  2025-06-28 — Tom Holland : ❌ Pas lui. (2/7 exacts, 1/7 partiels)
11:00:40  INFO     ▶️  2025-06-28 — Tobey Maguire…
11:00:40  INFO     ▶️  2025-06-29 — Tom Holland…
11:00:51  INFO     ✔️  2025-06-28 — Andrew Garfield : ❌ Pas lui. (2/7 exacts, 1/7 partiels)
11:00:56  INFO     ✔️  2025-06-28 — Tobey Maguire : ❌ Pas lui. (2/7 exacts, 1/7 partiels)
11:00:57  INFO     ✔️  2025-06-29 — Tom Holland : ❌ Pas lui. (1/7 exacts, 1/7 partiels)
11:01:00  INFO     ▶️  2025-06-29 — Andrew Garfield…
11:01:01  INFO     ▶️  2025-06-29 — Tobey Maguire…
11:01:04  INFO     ▶️  2025-06-30 — Tom Holland…
11:01:17  INFO     ✔️  2025-06-29 — Andrew Garfield : ❌ Pas lui. (2/7 exacts, 1/7 partiels)
11:01:17  ERROR      ❌ Erreur (Tobey Maguire, 2025-06-29) : Page.screenshot: Target page, context or browser has been closed
Browser logs:

<launching> C:\Users\yanis\AppData\Local\ms-playwright\chromium-1208\chrome-win64\chrome.exe --disable-field-trial-config --disable-background-networking --disable-background-timer-throttling --disable-backgrounding-occluded-windows --disable-back-forward-cache --disable-breakpad --disable-client-side-phishing-detection --disable-component-extensions-with-background-pages --disable-component-update --no-default-browser-check --disable-default-apps --disable-dev-shm-usage --disable-extensions --disable-features=AvoidUnnecessaryBeforeUnloadCheckSync,BoundaryEventDispatchTracksNodeRemoval,DestroyProfileOnBrowserClose,DialMediaRouteProvider,GlobalMediaControls,HttpsUpgrades,LensOverlay,MediaRouter,PaintHolding,ThirdPartyStoragePartitioning,Translate,AutoDeElevate,RenderDocument,OptimizationHints --enable-features=CDPScreenshotNewSurface --allow-pre-commit-input --disable-hang-monitor --disable-ipc-flooding-protection --disable-popup-blocking --disable-prompt-on-repost --disable-renderer-backgrounding --force-color-profile=srgb --metrics-recording-only --no-first-run --password-store=basic --use-mock-keychain --no-service-autorun --export-tagged-pdf --disable-search-engine-choice-screen --unsafely-disable-devtools-self-xss-warnings --edge-skip-compat-layer-relaunch --enable-automation --disable-infobars --disable-search-engine-choice-screen --disable-sync --enable-unsafe-swiftshader --no-sandbox --no-sandbox --disable-setuid-sandbox --disable-blink-features=AutomationControlled --user-data-dir=C:\Users\yanis\AppData\Local\Temp\playwright_chromiumdev_profile-HMhBse --remote-debugging-pipe --no-startup-window
<launched> pid=39272
[pid=39272][err] [39272:14388:0913/110104.010:ERROR:google_apis\gcm\engine\registration_request.cc:290] Registration response error message: DEPRECATED_ENDPOINT
[pid=39272][err] [39272:14388:0913/110104.082:ERROR:google_apis\gcm\engine\mcs_client.cc:700]   Error code: 401  Error message: Authentication Failed: wrong_secret
[pid=39272][err] [39272:14388:0913/110104.082:ERROR:google_apis\gcm\engine\mcs_client.cc:702] Failed to log in to GCM, resetting connection.
Call log:
  - taking page screenshot
  - waiting for fonts to load...
  - fonts loaded

11:01:17  INFO       🔄 Retry #1 dans 4.0s…
11:01:21  INFO     ✔️  2025-06-30 — Tom Holland : ❌ Pas lui. (3/7 exacts, 2/7 partiels)
11:01:22  INFO     ▶️  2025-06-30 — Andrew Garfield…
11:01:27  INFO     ▶️  2025-06-30 — Tobey Maguire…
11:01:38  INFO     ✔️  2025-06-29 — Tobey Maguire : ❌ Pas lui. (2/7 exacts, 1/7 partiels)
11:01:39  INFO     ✔️  2025-06-30 — Andrew Garfield : ❌ Pas lui. (3/7 exacts, 2/7 partiels)
11:01:44  INFO     ▶️  2025-07-01 — Tom Holland…
11:01:44  INFO     ▶️  2025-07-01 — Andrew Garfield…
11:01:44  INFO     ✔️  2025-06-30 — Tobey Maguire : ❌ Pas lui. (3/7 exacts, 2/7 partiels)
11:01:48  INFO     ▶️  2025-07-01 — Tobey Maguire…
11:02:00  INFO     ✔️  2025-07-01 — Tom Holland : ❌ Pas lui. (2/7 exacts, 1/7 partiels)
11:02:01  INFO     ✔️  2025-07-01 — Andrew Garfield : ❌ Pas lui. (3/7 exacts, 1/7 partiels)
11:02:05  INFO     ▶️  2025-07-02 — Tom Holland…
11:02:05  INFO     ✔️  2025-07-01 — Tobey Maguire : ❌ Pas lui. (3/7 exacts, 1/7 partiels)
11:02:07  INFO     ▶️  2025-07-02 — Andrew Garfield…
11:02:12  INFO     ▶️  2025-07-02 — Tobey Maguire…
11:02:21  INFO     ✔️  2025-07-02 — Tom Holland : ❌ Pas lui. (2/7 exacts, 2/7 partiels)
11:02:24  INFO     ✔️  2025-07-02 — Andrew Garfield : ❌ Pas lui. (2/7 exacts, 2/7 partiels)
11:02:29  INFO     ✔️  2025-07-02 — Tobey Maguire : ❌ Pas lui. (2/7 exacts, 2/7 partiels)
11:02:29  INFO     ▶️  2025-07-03 — Tom Holland…
11:02:30  INFO     ▶️  2025-07-03 — Andrew Garfield…
11:02:36  INFO     ▶️  2025-07-03 — Tobey Maguire…
11:02:46  INFO     ✔️  2025-07-03 — Tom Holland : ❌ Pas lui. (2/7 exacts, 1/7 partiels)
11:02:47  INFO     ✔️  2025-07-03 — Andrew Garfield : ❌ Pas lui. (2/7 exacts, 1/7 partiels)
11:02:50  INFO     ▶️  2025-07-04 — Tom Holland…
11:02:52  INFO     ✔️  2025-07-03 — Tobey Maguire : ❌ Pas lui. (2/7 exacts, 1/7 partiels)
11:02:55  INFO     ▶️  2025-07-04 — Andrew Garfield…
11:02:59  INFO     ▶️  2025-07-04 — Tobey Maguire…
11:03:06  INFO     ✔️  2025-07-04 — Tom Holland : ❌ Pas lui. (1/7 exacts, 1/7 partiels)
11:03:11  INFO     ▶️  2025-07-05 — Tom Holland…
11:03:12  INFO     ✔️  2025-07-04 — Andrew Garfield : ❌ Pas lui. (1/7 exacts, 1/7 partiels)
11:03:16  INFO     ✔️  2025-07-04 — Tobey Maguire : ❌ Pas lui. (1/7 exacts, 1/7 partiels)
11:03:20  INFO     ▶️  2025-07-05 — Andrew Garfield…
11:03:21  INFO     ▶️  2025-07-05 — Tobey Maguire…
11:03:27  INFO     ✔️  2025-07-05 — Tom Holland : ❌ Pas lui. (3/7 exacts, 1/7 partiels)
11:03:33  INFO     ▶️  2025-07-06 — Tom Holland…
11:03:36  INFO     ✔️  2025-07-05 — Andrew Garfield : ❌ Pas lui. (4/7 exacts, 1/7 partiels)
11:03:37  INFO     ✔️  2025-07-05 — Tobey Maguire : ❌ Pas lui. (4/7 exacts, 1/7 partiels)
11:03:44  INFO     ▶️  2025-07-06 — Andrew Garfield…
11:03:46  INFO     ▶️  2025-07-06 — Tobey Maguire…
11:03:49  INFO     ✔️  2025-07-06 — Tom Holland : ❌ Pas lui. (5/7 exacts, 1/7 partiels)
11:03:56  INFO     ▶️  2025-07-07 — Tom Holland…
11:04:01  INFO     ✔️  2025-07-06 — Andrew Garfield : ❌ Pas lui. (6/7 exacts, 1/7 partiels)
11:04:03  INFO     ✔️  2025-07-06 — Tobey Maguire : ❌ Pas lui. (6/7 exacts, 1/7 partiels)
11:04:10  INFO     ▶️  2025-07-07 — Andrew Garfield…
11:04:11  INFO     ▶️  2025-07-07 — Tobey Maguire…
11:04:12  INFO     ✔️  2025-07-07 — Tom Holland : ❌ Pas lui. (2/7 exacts, 2/7 partiels)
11:04:19  INFO     ▶️  2025-07-08 — Tom Holland…
11:04:26  INFO     ✔️  2025-07-07 — Andrew Garfield : ❌ Pas lui. (2/7 exacts, 2/7 partiels)
11:04:28  INFO     ✔️  2025-07-07 — Tobey Maguire : ❌ Pas lui. (2/7 exacts, 2/7 partiels)
11:04:33  INFO     ▶️  2025-07-08 — Andrew Garfield…
11:04:35  INFO     ✔️  2025-07-08 — Tom Holland : ❌ Pas lui. (3/7 exacts, 2/7 partiels)
11:04:37  INFO     ▶️  2025-07-08 — Tobey Maguire…
11:04:42  INFO     ▶️  2025-07-09 — Tom Holland…
11:04:49  INFO     ✔️  2025-07-08 — Andrew Garfield : ❌ Pas lui. (3/7 exacts, 2/7 partiels)
11:04:54  INFO     ✔️  2025-07-08 — Tobey Maguire : ❌ Pas lui. (3/7 exacts, 2/7 partiels)
11:04:58  INFO     ▶️  2025-07-09 — Andrew Garfield…
11:04:58  INFO     ✔️  2025-07-09 — Tom Holland : ❌ Pas lui. (1/7 exacts, 2/7 partiels)
11:04:59  INFO     ▶️  2025-07-09 — Tobey Maguire…
11:05:03  INFO     ▶️  2025-07-10 — Tom Holland…
11:05:14  INFO     ✔️  2025-07-09 — Andrew Garfield : ❌ Pas lui. (1/7 exacts, 2/7 partiels)
11:05:16  INFO     ✔️  2025-07-09 — Tobey Maguire : ❌ Pas lui. (1/7 exacts, 2/7 partiels)
11:05:19  INFO     ✔️  2025-07-10 — Tom Holland : ❌ Pas lui. (2/7 exacts, 1/7 partiels)
11:05:23  INFO     ▶️  2025-07-10 — Andrew Garfield…
11:05:24  INFO     ▶️  2025-07-10 — Tobey Maguire…
11:05:29  INFO     ▶️  2025-07-11 — Tom Holland…
11:05:39  INFO     ✔️  2025-07-10 — Andrew Garfield : ❌ Pas lui. (3/7 exacts, 1/7 partiels)
11:05:41  INFO     ✔️  2025-07-10 — Tobey Maguire : ❌ Pas lui. (3/7 exacts, 1/7 partiels)
11:05:44  INFO     ▶️  2025-07-11 — Andrew Garfield…
11:05:45  INFO     ✔️  2025-07-11 — Tom Holland : ❌ Pas lui. (3/7 exacts, 2/7 partiels)
11:05:49  INFO     ▶️  2025-07-11 — Tobey Maguire…
11:05:52  INFO     ▶️  2025-07-12 — Tom Holland…
11:06:00  INFO     ✔️  2025-07-11 — Andrew Garfield : ❌ Pas lui. (3/7 exacts, 2/7 partiels)
11:06:06  INFO     ✔️  2025-07-11 — Tobey Maguire : ❌ Pas lui. (3/7 exacts, 2/7 partiels)
11:06:08  INFO     ✔️  2025-07-12 — Tom Holland : ❌ Pas lui. (2/7 exacts, 2/7 partiels)
11:06:10  INFO     ▶️  2025-07-12 — Andrew Garfield…
11:06:11  INFO     ▶️  2025-07-12 — Tobey Maguire…
11:06:17  INFO     ▶️  2025-07-13 — Tom Holland…
11:06:27  INFO     ✔️  2025-07-12 — Andrew Garfield : ❌ Pas lui. (3/7 exacts, 2/7 partiels)
11:06:28  INFO     ✔️  2025-07-12 — Tobey Maguire : ❌ Pas lui. (3/7 exacts, 2/7 partiels)
11:06:33  INFO     ▶️  2025-07-13 — Andrew Garfield…
11:06:34  INFO     ✔️  2025-07-13 — Tom Holland : ❌ Pas lui. (2/7 exacts, 0/7 partiels)
11:06:34  INFO     ▶️  2025-07-13 — Tobey Maguire…
11:06:43  INFO     ▶️  2025-07-14 — Tom Holland…
11:06:50  INFO     ✔️  2025-07-13 — Andrew Garfield : ❌ Pas lui. (3/7 exacts, 0/7 partiels)
11:06:51  INFO     ✔️  2025-07-13 — Tobey Maguire : ❌ Pas lui. (3/7 exacts, 0/7 partiels)
11:06:55  INFO     ▶️  2025-07-14 — Andrew Garfield…
11:06:57  INFO     ▶️  2025-07-14 — Tobey Maguire…
11:06:59  INFO     ✔️  2025-07-14 — Tom Holland : ❌ Pas lui. (3/7 exacts, 3/7 partiels)
11:07:07  INFO     ▶️  2025-07-15 — Tom Holland…
11:07:12  INFO     ✔️  2025-07-14 — Andrew Garfield : ❌ Pas lui. (3/7 exacts, 2/7 partiels)
11:07:14  INFO     ✔️  2025-07-14 — Tobey Maguire : ❌ Pas lui. (3/7 exacts, 2/7 partiels)
11:07:20  INFO     ▶️  2025-07-15 — Andrew Garfield…
11:07:23  INFO     ▶️  2025-07-15 — Tobey Maguire…
11:07:23  INFO     ✔️  2025-07-15 — Tom Holland : ❌ Pas lui. (2/7 exacts, 1/7 partiels)
11:07:33  INFO     ▶️  2025-07-16 — Tom Holland…
11:07:36  INFO     ✔️  2025-07-15 — Andrew Garfield : ❌ Pas lui. (3/7 exacts, 1/7 partiels)
11:07:39  INFO     ✔️  2025-07-15 — Tobey Maguire : ❌ Pas lui. (3/7 exacts, 1/7 partiels)
11:07:45  INFO     ▶️  2025-07-16 — Andrew Garfield…
11:07:47  INFO     ▶️  2025-07-16 — Tobey Maguire…
11:07:49  INFO     ✔️  2025-07-16 — Tom Holland : ❌ Pas lui. (4/7 exacts, 1/7 partiels)
11:07:59  INFO     ▶️  2025-07-17 — Tom Holland…
11:08:02  INFO     ✔️  2025-07-16 — Andrew Garfield : ❌ Pas lui. (4/7 exacts, 1/7 partiels)
11:08:04  INFO     ✔️  2025-07-16 — Tobey Maguire : ❌ Pas lui. (4/7 exacts, 1/7 partiels)
11:08:09  INFO     ▶️  2025-07-17 — Andrew Garfield…
11:08:11  INFO     ▶️  2025-07-17 — Tobey Maguire…
11:08:15  INFO     ✔️  2025-07-17 — Tom Holland : ❌ Pas lui. (4/7 exacts, 1/7 partiels)
11:08:20  INFO     ▶️  2025-07-18 — Tom Holland…
11:08:26  INFO     ✔️  2025-07-17 — Andrew Garfield : ❌ Pas lui. (4/7 exacts, 1/7 partiels)
11:08:27  INFO     ✔️  2025-07-17 — Tobey Maguire : ❌ Pas lui. (4/7 exacts, 1/7 partiels)
11:08:31  INFO     ▶️  2025-07-18 — Andrew Garfield…
11:08:36  INFO     ✔️  2025-07-18 — Tom Holland : ❌ Pas lui. (4/7 exacts, 1/7 partiels)
11:08:37  INFO     ▶️  2025-07-18 — Tobey Maguire…
11:08:45  INFO     ▶️  2025-07-19 — Tom Holland…
11:08:47  INFO     ✔️  2025-07-18 — Andrew Garfield : ❌ Pas lui. (5/7 exacts, 1/7 partiels)
11:08:53  INFO     ▶️  2025-07-19 — Andrew Garfield…
11:08:54  INFO     ✔️  2025-07-18 — Tobey Maguire : ❌ Pas lui. (5/7 exacts, 1/7 partiels)
11:09:00  INFO     ▶️  2025-07-19 — Tobey Maguire…
11:09:02  INFO     ✔️  2025-07-19 — Tom Holland : ❌ Pas lui. (1/7 exacts, 2/7 partiels)
11:09:07  INFO     ▶️  2025-07-20 — Tom Holland…
11:09:09  INFO     ✔️  2025-07-19 — Andrew Garfield : ❌ Pas lui. (1/7 exacts, 2/7 partiels)
11:09:15  INFO     ▶️  2025-07-20 — Andrew Garfield…
11:09:17  INFO     ✔️  2025-07-19 — Tobey Maguire : ❌ Pas lui. (1/7 exacts, 2/7 partiels)
11:09:22  INFO     ▶️  2025-07-20 — Tobey Maguire…
11:09:23  INFO     ✔️  2025-07-20 — Tom Holland : ❌ Pas lui. (3/7 exacts, 2/7 partiels)
11:09:31  INFO     ▶️  2025-07-21 — Tom Holland…
11:09:32  INFO     ✔️  2025-07-20 — Andrew Garfield : ❌ Pas lui. (4/7 exacts, 2/7 partiels)
11:09:39  INFO     ✔️  2025-07-20 — Tobey Maguire : ❌ Pas lui. (4/7 exacts, 2/7 partiels)
11:09:40  INFO     ▶️  2025-07-21 — Andrew Garfield…
11:09:45  INFO     ▶️  2025-07-21 — Tobey Maguire…
11:09:47  INFO     ✔️  2025-07-21 — Tom Holland : ❌ Pas lui. (3/7 exacts, 1/7 partiels)
11:09:52  INFO     ▶️  2025-07-22 — Tom Holland…
11:09:57  INFO     ✔️  2025-07-21 — Andrew Garfield : ❌ Pas lui. (3/7 exacts, 1/7 partiels)
11:10:02  INFO     ✔️  2025-07-21 — Tobey Maguire : ❌ Pas lui. (3/7 exacts, 1/7 partiels)
11:10:03  INFO     ▶️  2025-07-22 — Andrew Garfield…
11:10:07  INFO     ▶️  2025-07-22 — Tobey Maguire…
11:10:09  INFO     ✔️  2025-07-22 — Tom Holland : ❌ Pas lui. (1/7 exacts, 2/7 partiels)
11:10:13  INFO     ▶️  2025-07-23 — Tom Holland…
11:10:20  INFO     ✔️  2025-07-22 — Andrew Garfield : ❌ Pas lui. (1/7 exacts, 2/7 partiels)
11:10:23  INFO     ✔️  2025-07-22 — Tobey Maguire : ❌ Pas lui. (1/7 exacts, 2/7 partiels)
11:10:28  INFO     ▶️  2025-07-23 — Andrew Garfield…
11:10:28  INFO     ▶️  2025-07-23 — Tobey Maguire…
11:10:29  INFO     ✔️  2025-07-23 — Tom Holland : ❌ Pas lui. (2/7 exacts, 1/7 partiels)
11:10:39  INFO     ▶️  2025-07-24 — Tom Holland…
11:10:45  INFO     ✔️  2025-07-23 — Andrew Garfield : ❌ Pas lui. (2/7 exacts, 1/7 partiels)
11:10:45  INFO     ✔️  2025-07-23 — Tobey Maguire : ❌ Pas lui. (2/7 exacts, 1/7 partiels)
11:10:50  INFO     ▶️  2025-07-24 — Andrew Garfield…
11:10:51  INFO     ▶️  2025-07-24 — Tobey Maguire…
11:10:56  INFO     ✔️  2025-07-24 — Tom Holland : ❌ Pas lui. (4/7 exacts, 2/7 partiels)
11:11:03  INFO     ▶️  2025-07-25 — Tom Holland…
11:11:07  INFO     ✔️  2025-07-24 — Andrew Garfield : ❌ Pas lui. (4/7 exacts, 1/7 partiels)
11:11:07  INFO     ✔️  2025-07-24 — Tobey Maguire : ❌ Pas lui. (4/7 exacts, 1/7 partiels)
11:11:14  INFO     ▶️  2025-07-25 — Andrew Garfield…
11:11:16  INFO     ▶️  2025-07-25 — Tobey Maguire…
11:11:19  INFO     ✔️  2025-07-25 — Tom Holland : ❌ Pas lui. (3/7 exacts, 1/7 partiels)
11:11:25  INFO     ▶️  2025-07-26 — Tom Holland…
11:11:31  INFO     ✔️  2025-07-25 — Andrew Garfield : ❌ Pas lui. (4/7 exacts, 1/7 partiels)
11:11:33  INFO     ✔️  2025-07-25 — Tobey Maguire : ❌ Pas lui. (4/7 exacts, 1/7 partiels)
11:11:36  INFO     ▶️  2025-07-26 — Andrew Garfield…
11:11:39  INFO     ▶️  2025-07-26 — Tobey Maguire…
11:11:41  INFO     ✔️  2025-07-26 — Tom Holland : ❌ Pas lui. (3/7 exacts, 1/7 partiels)
11:11:48  INFO     ▶️  2025-07-27 — Tom Holland…
11:11:52  INFO     ✔️  2025-07-26 — Andrew Garfield : ❌ Pas lui. (3/7 exacts, 1/7 partiels)
11:11:55  INFO     ✔️  2025-07-26 — Tobey Maguire : ❌ Pas lui. (3/7 exacts, 1/7 partiels)
11:12:00  INFO     ▶️  2025-07-27 — Andrew Garfield…
11:12:02  INFO     ▶️  2025-07-27 — Tobey Maguire…
11:12:05  INFO     ✔️  2025-07-27 — Tom Holland : ❌ Pas lui. (3/7 exacts, 2/7 partiels)
11:12:10  INFO     ▶️  2025-07-28 — Tom Holland…
11:12:16  INFO     ✔️  2025-07-27 — Andrew Garfield : ❌ Pas lui. (3/7 exacts, 1/7 partiels)
11:12:19  INFO     ✔️  2025-07-27 — Tobey Maguire : ❌ Pas lui. (3/7 exacts, 1/7 partiels)
11:12:24  INFO     ▶️  2025-07-28 — Andrew Garfield…
11:12:26  INFO     ✔️  2025-07-28 — Tom Holland : ❌ Pas lui. (0/7 exacts, 1/7 partiels)
11:12:28  INFO     ▶️  2025-07-28 — Tobey Maguire…
11:12:36  INFO     ▶️  2025-07-29 — Tom Holland…
11:12:41  INFO     ✔️  2025-07-28 — Andrew Garfield : ❌ Pas lui. (0/7 exacts, 1/7 partiels)
11:12:44  INFO     ✔️  2025-07-28 — Tobey Maguire : ❌ Pas lui. (0/7 exacts, 1/7 partiels)
11:12:46  INFO     ▶️  2025-07-29 — Andrew Garfield…
11:12:50  INFO     ▶️  2025-07-29 — Tobey Maguire…
11:12:52  INFO     ✔️  2025-07-29 — Tom Holland : ❌ Pas lui. (3/7 exacts, 1/7 partiels)
11:13:01  INFO     ▶️  2025-07-30 — Tom Holland…
11:13:03  INFO     ✔️  2025-07-29 — Andrew Garfield : ❌ Pas lui. (4/7 exacts, 1/7 partiels)
11:13:07  INFO     ✔️  2025-07-29 — Tobey Maguire : ❌ Pas lui. (4/7 exacts, 1/7 partiels)
11:13:13  INFO     ▶️  2025-07-30 — Andrew Garfield…
11:13:14  INFO     ▶️  2025-07-30 — Tobey Maguire…
11:13:17  INFO     ✔️  2025-07-30 — Tom Holland : ❌ Pas lui. (4/7 exacts, 1/7 partiels)
11:13:26  INFO     ▶️  2025-07-31 — Tom Holland…
11:13:29  INFO     ✔️  2025-07-30 — Andrew Garfield : ❌ Pas lui. (5/7 exacts, 1/7 partiels)
11:13:31  INFO     ✔️  2025-07-30 — Tobey Maguire : ❌ Pas lui. (5/7 exacts, 1/7 partiels)
11:13:38  INFO     ▶️  2025-07-31 — Andrew Garfield…
11:13:39  INFO     ▶️  2025-07-31 — Tobey Maguire…
11:13:43  INFO     ✔️  2025-07-31 — Tom Holland : ❌ Pas lui. (2/7 exacts, 1/7 partiels)
11:13:49  INFO     ▶️  2025-08-01 — Tom Holland…
11:13:54  INFO     ✔️  2025-07-31 — Andrew Garfield : ❌ Pas lui. (2/7 exacts, 1/7 partiels)
11:13:55  INFO     ✔️  2025-07-31 — Tobey Maguire : ❌ Pas lui. (2/7 exacts, 1/7 partiels)
11:14:04  INFO     ▶️  2025-08-01 — Andrew Garfield…
11:14:05  INFO     ▶️  2025-08-01 — Tobey Maguire…
11:14:06  INFO     ✔️  2025-08-01 — Tom Holland : ❌ Pas lui. (1/7 exacts, 2/7 partiels)
11:14:15  INFO     ▶️  2025-08-02 — Tom Holland…
11:14:21  INFO     ✔️  2025-08-01 — Andrew Garfield : ❌ Pas lui. (1/7 exacts, 2/7 partiels)
11:14:22  INFO     ✔️  2025-08-01 — Tobey Maguire : ❌ Pas lui. (1/7 exacts, 2/7 partiels)
11:14:30  INFO     ▶️  2025-08-02 — Andrew Garfield…
11:14:31  INFO     ▶️  2025-08-02 — Tobey Maguire…
11:14:31  INFO     ✔️  2025-08-02 — Tom Holland : ❌ Pas lui. (5/7 exacts, 1/7 partiels)
11:14:38  INFO     ▶️  2025-08-03 — Tom Holland…
11:14:46  INFO     ✔️  2025-08-02 — Andrew Garfield : ❌ Pas lui. (5/7 exacts, 1/7 partiels)
11:14:47  INFO     ✔️  2025-08-02 — Tobey Maguire : ❌ Pas lui. (5/7 exacts, 1/7 partiels)
11:14:53  INFO     ▶️  2025-08-03 — Andrew Garfield…
11:14:54  INFO     ✔️  2025-08-03 — Tom Holland : ❌ Pas lui. (2/7 exacts, 1/7 partiels)
11:14:55  INFO     ▶️  2025-08-03 — Tobey Maguire…
11:15:03  INFO     ▶️  2025-08-04 — Tom Holland…
11:15:09  INFO     ✔️  2025-08-03 — Andrew Garfield : ❌ Pas lui. (2/7 exacts, 1/7 partiels)
11:15:11  INFO     ✔️  2025-08-03 — Tobey Maguire : ❌ Pas lui. (2/7 exacts, 1/7 partiels)
11:15:17  INFO     ▶️  2025-08-04 — Andrew Garfield…
11:15:19  INFO     ▶️  2025-08-04 — Tobey Maguire…
11:15:20  INFO     ✔️  2025-08-04 — Tom Holland : ❌ Pas lui. (3/7 exacts, 1/7 partiels)
11:15:25  INFO     ▶️  2025-08-05 — Tom Holland…
11:15:34  INFO     ✔️  2025-08-04 — Andrew Garfield : ❌ Pas lui. (3/7 exacts, 1/7 partiels)
11:15:36  INFO     ✔️  2025-08-04 — Tobey Maguire : ❌ Pas lui. (3/7 exacts, 1/7 partiels)
11:15:40  INFO     ▶️  2025-08-05 — Andrew Garfield…
11:15:41  INFO     ✔️  2025-08-05 — Tom Holland : ❌ Pas lui. (4/7 exacts, 1/7 partiels)
11:15:42  INFO     ▶️  2025-08-05 — Tobey Maguire…
11:15:49  INFO     ▶️  2025-08-06 — Tom Holland…
11:15:56  INFO     ✔️  2025-08-05 — Andrew Garfield : ❌ Pas lui. (4/7 exacts, 1/7 partiels)
11:15:59  INFO     ✔️  2025-08-05 — Tobey Maguire : ❌ Pas lui. (4/7 exacts, 1/7 partiels)
11:16:01  INFO     ▶️  2025-08-06 — Andrew Garfield…
11:16:04  INFO     ▶️  2025-08-06 — Tobey Maguire…
11:16:06  INFO     ✔️  2025-08-06 — Tom Holland : ❌ Pas lui. (3/7 exacts, 1/7 partiels)
11:16:15  INFO     ▶️  2025-08-07 — Tom Holland…
11:16:17  INFO     ✔️  2025-08-06 — Andrew Garfield : ❌ Pas lui. (4/7 exacts, 1/7 partiels)
11:16:21  INFO     ✔️  2025-08-06 — Tobey Maguire : ❌ Pas lui. (4/7 exacts, 1/7 partiels)
11:16:23  INFO     ▶️  2025-08-07 — Andrew Garfield…
11:16:26  INFO     ▶️  2025-08-07 — Tobey Maguire…
11:16:31  INFO     ✔️  2025-08-07 — Tom Holland : ❌ Pas lui. (3/7 exacts, 2/7 partiels)
11:16:38  INFO     ▶️  2025-08-08 — Tom Holland…
11:16:40  INFO     ✔️  2025-08-07 — Andrew Garfield : ❌ Pas lui. (3/7 exacts, 2/7 partiels)
11:16:43  INFO     ✔️  2025-08-07 — Tobey Maguire : ❌ Pas lui. (3/7 exacts, 2/7 partiels)
11:16:47  INFO     ▶️  2025-08-08 — Andrew Garfield…
11:16:48  INFO     ▶️  2025-08-08 — Tobey Maguire…
11:16:54  INFO     ✔️  2025-08-08 — Tom Holland : ❌ Pas lui. (1/7 exacts, 2/7 partiels)
11:17:03  INFO     ▶️  2025-08-09 — Tom Holland…
11:17:03  INFO     ✔️  2025-08-08 — Andrew Garfield : ❌ Pas lui. (1/7 exacts, 2/7 partiels)
11:17:04  INFO     ✔️  2025-08-08 — Tobey Maguire : ❌ Pas lui. (1/7 exacts, 2/7 partiels)
11:17:08  INFO     ▶️  2025-08-09 — Andrew Garfield…
11:17:13  INFO     ▶️  2025-08-09 — Tobey Maguire…
11:17:19  INFO     ✔️  2025-08-09 — Tom Holland : ❌ Pas lui. (1/7 exacts, 0/7 partiels)
11:17:24  INFO     ✔️  2025-08-09 — Andrew Garfield : ❌ Pas lui. (2/7 exacts, 0/7 partiels)
11:17:28  INFO     ▶️  2025-08-10 — Tom Holland…
11:17:29  INFO     ✔️  2025-08-09 — Tobey Maguire : ❌ Pas lui. (2/7 exacts, 0/7 partiels)
11:17:32  INFO     ▶️  2025-08-10 — Andrew Garfield…
11:17:35  INFO     ▶️  2025-08-10 — Tobey Maguire…
11:17:44  INFO     ✔️  2025-08-10 — Tom Holland : ❌ Pas lui. (2/7 exacts, 1/7 partiels)
11:17:48  INFO     ✔️  2025-08-10 — Andrew Garfield : ❌ Pas lui. (3/7 exacts, 1/7 partiels)
11:17:52  INFO     ✔️  2025-08-10 — Tobey Maguire : ❌ Pas lui. (3/7 exacts, 1/7 partiels)
11:17:52  INFO     ▶️  2025-08-11 — Tom Holland…
11:17:56  INFO     ▶️  2025-08-11 — Andrew Garfield…
11:17:56  INFO     ▶️  2025-08-11 — Tobey Maguire…
11:18:08  INFO     ✔️  2025-08-11 — Tom Holland : ❌ Pas lui. (2/7 exacts, 2/7 partiels)
11:18:12  INFO     ✔️  2025-08-11 — Andrew Garfield : ❌ Pas lui. (2/7 exacts, 2/7 partiels)
11:18:13  INFO     ✔️  2025-08-11 — Tobey Maguire : ❌ Pas lui. (2/7 exacts, 2/7 partiels)
11:18:15  INFO     ▶️  2025-08-12 — Tom Holland…
11:18:21  INFO     ▶️  2025-08-12 — Andrew Garfield…
11:18:22  INFO     ▶️  2025-08-12 — Tobey Maguire…
11:18:31  INFO     ✔️  2025-08-12 — Tom Holland : ❌ Pas lui. (3/7 exacts, 1/7 partiels)
11:18:38  INFO     ✔️  2025-08-12 — Andrew Garfield : ❌ Pas lui. (4/7 exacts, 1/7 partiels)
11:18:39  INFO     ✔️  2025-08-12 — Tobey Maguire : ❌ Pas lui. (4/7 exacts, 1/7 partiels)
11:18:40  INFO     ▶️  2025-08-13 — Tom Holland…
11:18:44  INFO     ▶️  2025-08-13 — Andrew Garfield…
11:18:45  INFO     ▶️  2025-08-13 — Tobey Maguire…
11:18:57  INFO     ✔️  2025-08-13 — Tom Holland : ❌ Pas lui. (3/7 exacts, 1/7 partiels)
11:19:01  INFO     ✔️  2025-08-13 — Andrew Garfield : ❌ Pas lui. (4/7 exacts, 1/7 partiels)
11:19:02  INFO     ✔️  2025-08-13 — Tobey Maguire : ❌ Pas lui. (4/7 exacts, 1/7 partiels)
11:19:02  INFO     ▶️  2025-08-14 — Tom Holland…
11:19:08  INFO     ▶️  2025-08-14 — Andrew Garfield…
11:19:10  INFO     ▶️  2025-08-14 — Tobey Maguire…
11:19:19  INFO     ✔️  2025-08-14 — Tom Holland : ❌ Pas lui. (2/7 exacts, 2/7 partiels)
11:19:25  INFO     ▶️  2025-08-15 — Tom Holland…
11:19:25  INFO     ✔️  2025-08-14 — Andrew Garfield : ❌ Pas lui. (2/7 exacts, 2/7 partiels)
11:19:27  INFO     ✔️  2025-08-14 — Tobey Maguire : ❌ Pas lui. (2/7 exacts, 2/7 partiels)
11:19:30  INFO     ▶️  2025-08-15 — Andrew Garfield…
11:19:37  INFO     ▶️  2025-08-15 — Tobey Maguire…
11:19:41  INFO     ✔️  2025-08-15 — Tom Holland : ❌ Pas lui. (3/7 exacts, 1/7 partiels)
11:19:46  INFO     ✔️  2025-08-15 — Andrew Garfield : ❌ Pas lui. (3/7 exacts, 1/7 partiels)
11:19:47  INFO     ▶️  2025-08-16 — Tom Holland…
11:19:55  INFO     ▶️  2025-08-16 — Andrew Garfield…
11:19:57  INFO     ✔️  2025-08-15 — Tobey Maguire : ❌ Pas lui. (3/7 exacts, 1/7 partiels)
11:20:04  INFO     ✔️  2025-08-16 — Tom Holland : ❌ Pas lui. (3/7 exacts, 1/7 partiels)
11:20:06  INFO     ▶️  2025-08-16 — Tobey Maguire…
11:20:09  INFO     ▶️  2025-08-17 — Tom Holland…
11:20:12  INFO     ✔️  2025-08-16 — Andrew Garfield : ❌ Pas lui. (3/7 exacts, 1/7 partiels)
11:20:21  INFO     ▶️  2025-08-17 — Andrew Garfield…
11:20:22  INFO     ✔️  2025-08-16 — Tobey Maguire : ❌ Pas lui. (3/7 exacts, 1/7 partiels)
11:20:25  INFO     ✔️  2025-08-17 — Tom Holland : ❌ Pas lui. (5/7 exacts, 2/7 partiels)
11:20:31  INFO     ▶️  2025-08-17 — Tobey Maguire…
11:20:34  INFO     ▶️  2025-08-18 — Tom Holland…
11:20:37  INFO     ✔️  2025-08-17 — Andrew Garfield : ❌ Pas lui. (5/7 exacts, 1/7 partiels)
11:20:44  INFO     ▶️  2025-08-18 — Andrew Garfield…
11:20:48  INFO     ✔️  2025-08-17 — Tobey Maguire : ❌ Pas lui. (5/7 exacts, 1/7 partiels)
11:20:50  INFO     ✔️  2025-08-18 — Tom Holland : ❌ Pas lui. (3/7 exacts, 1/7 partiels)
11:20:56  INFO     ▶️  2025-08-18 — Tobey Maguire…
11:20:59  INFO     ▶️  2025-08-19 — Tom Holland…
11:21:01  INFO     ✔️  2025-08-18 — Andrew Garfield : ❌ Pas lui. (3/7 exacts, 1/7 partiels)
11:21:07  INFO     ▶️  2025-08-19 — Andrew Garfield…
11:21:12  INFO     ✔️  2025-08-18 — Tobey Maguire : ❌ Pas lui. (3/7 exacts, 1/7 partiels)
11:21:15  INFO     ✔️  2025-08-19 — Tom Holland : ❌ Pas lui. (2/7 exacts, 0/7 partiels)
11:21:19  INFO     ▶️  2025-08-19 — Tobey Maguire…
11:21:24  INFO     ✔️  2025-08-19 — Andrew Garfield : ❌ Pas lui. (2/7 exacts, 0/7 partiels)
11:21:25  INFO     ▶️  2025-08-20 — Tom Holland…
11:21:31  INFO     ▶️  2025-08-20 — Andrew Garfield…
11:21:35  INFO     ✔️  2025-08-19 — Tobey Maguire : ❌ Pas lui. (2/7 exacts, 0/7 partiels)
11:21:41  INFO     ✔️  2025-08-20 — Tom Holland : ❌ Pas lui. (2/7 exacts, 1/7 partiels)
11:21:44  INFO     ▶️  2025-08-20 — Tobey Maguire…
11:21:48  INFO     ✔️  2025-08-20 — Andrew Garfield : ❌ Pas lui. (2/7 exacts, 1/7 partiels)
11:21:48  INFO     ▶️  2025-08-21 — Tom Holland…
11:21:54  INFO     ▶️  2025-08-21 — Andrew Garfield…
11:22:01  INFO     ✔️  2025-08-20 — Tobey Maguire : ❌ Pas lui. (2/7 exacts, 1/7 partiels)
11:22:04  INFO     ✔️  2025-08-21 — Tom Holland : ❌ Pas lui. (3/7 exacts, 1/7 partiels)
11:22:09  INFO     ▶️  2025-08-21 — Tobey Maguire…
11:22:11  INFO     ✔️  2025-08-21 — Andrew Garfield : ❌ Pas lui. (4/7 exacts, 1/7 partiels)
11:22:13  INFO     ▶️  2025-08-22 — Tom Holland…
11:22:20  INFO     ▶️  2025-08-22 — Andrew Garfield…
11:22:26  INFO     ✔️  2025-08-21 — Tobey Maguire : ❌ Pas lui. (4/7 exacts, 1/7 partiels)
11:22:30  INFO     ✔️  2025-08-22 — Tom Holland : ❌ Pas lui. (2/7 exacts, 3/7 partiels)
11:22:31  INFO     ▶️  2025-08-22 — Tobey Maguire…
11:22:35  INFO     ▶️  2025-08-23 — Tom Holland…
11:22:37  INFO     ✔️  2025-08-22 — Andrew Garfield : ❌ Pas lui. (2/7 exacts, 2/7 partiels)
11:22:45  INFO     ▶️  2025-08-23 — Andrew Garfield…
11:22:48  INFO     ✔️  2025-08-22 — Tobey Maguire : ❌ Pas lui. (2/7 exacts, 2/7 partiels)
11:22:52  INFO     ✔️  2025-08-23 — Tom Holland : ❌ Pas lui. (2/7 exacts, 2/7 partiels)
11:22:55  INFO     ▶️  2025-08-23 — Tobey Maguire…
11:22:58  INFO     ▶️  2025-08-24 — Tom Holland…
11:23:02  INFO     ✔️  2025-08-23 — Andrew Garfield : ❌ Pas lui. (2/7 exacts, 2/7 partiels)
11:23:11  INFO     ▶️  2025-08-24 — Andrew Garfield…
11:23:11  INFO     ✔️  2025-08-23 — Tobey Maguire : ❌ Pas lui. (2/7 exacts, 2/7 partiels)
11:23:14  INFO     ✔️  2025-08-24 — Tom Holland : ❌ Pas lui. (2/7 exacts, 0/7 partiels)
11:23:19  INFO     ▶️  2025-08-24 — Tobey Maguire…
11:23:21  INFO     ▶️  2025-08-25 — Tom Holland…
11:23:28  INFO     ✔️  2025-08-24 — Andrew Garfield : ❌ Pas lui. (2/7 exacts, 0/7 partiels)
11:23:32  INFO     ▶️  2025-08-25 — Andrew Garfield…
11:23:36  INFO     ✔️  2025-08-24 — Tobey Maguire : ❌ Pas lui. (2/7 exacts, 0/7 partiels)
11:23:37  INFO     ✔️  2025-08-25 — Tom Holland : ❌ Pas lui. (3/7 exacts, 1/7 partiels)
11:23:41  INFO     ▶️  2025-08-25 — Tobey Maguire…
11:23:44  INFO     ▶️  2025-08-26 — Tom Holland…
11:23:49  INFO     ✔️  2025-08-25 — Andrew Garfield : ❌ Pas lui. (3/7 exacts, 1/7 partiels)
11:23:58  INFO     ✔️  2025-08-25 — Tobey Maguire : ❌ Pas lui. (3/7 exacts, 1/7 partiels)
11:23:58  INFO     ▶️  2025-08-26 — Andrew Garfield…
11:24:00  INFO     ✔️  2025-08-26 — Tom Holland : ❌ Pas lui. (2/7 exacts, 1/7 partiels)
11:24:02  INFO     ▶️  2025-08-26 — Tobey Maguire…
11:24:08  INFO     ▶️  2025-08-27 — Tom Holland…
11:24:15  INFO     ✔️  2025-08-26 — Andrew Garfield : ❌ Pas lui. (3/7 exacts, 1/7 partiels)
11:24:19  INFO     ✔️  2025-08-26 — Tobey Maguire : ❌ Pas lui. (3/7 exacts, 1/7 partiels)
11:24:24  INFO     ▶️  2025-08-27 — Andrew Garfield…
11:24:24  INFO     ✔️  2025-08-27 — Tom Holland : ❌ Pas lui. (2/7 exacts, 2/7 partiels)
11:24:25  INFO     ▶️  2025-08-27 — Tobey Maguire…
11:24:32  INFO     ▶️  2025-08-28 — Tom Holland…
11:24:41  INFO     ✔️  2025-08-27 — Andrew Garfield : ❌ Pas lui. (2/7 exacts, 2/7 partiels)
11:24:41  INFO     ✔️  2025-08-27 — Tobey Maguire : ❌ Pas lui. (2/7 exacts, 2/7 partiels)
11:24:47  INFO     ▶️  2025-08-28 — Andrew Garfield…
11:24:48  INFO     ▶️  2025-08-28 — Tobey Maguire…
11:24:48  INFO     ✔️  2025-08-28 — Tom Holland : ❌ Pas lui. (2/7 exacts, 1/7 partiels)
11:24:55  INFO     ▶️  2025-08-29 — Tom Holland…
11:25:04  INFO     ✔️  2025-08-28 — Andrew Garfield : ❌ Pas lui. (2/7 exacts, 1/7 partiels)
11:25:05  INFO     ✔️  2025-08-28 — Tobey Maguire : ❌ Pas lui. (2/7 exacts, 1/7 partiels)
11:25:09  INFO     ▶️  2025-08-29 — Andrew Garfield…
11:25:11  INFO     ▶️  2025-08-29 — Tobey Maguire…
11:25:11  INFO     ✔️  2025-08-29 — Tom Holland : ❌ Pas lui. (1/7 exacts, 1/7 partiels)
11:25:19  INFO     ▶️  2025-08-30 — Tom Holland…
11:25:25  INFO     ✔️  2025-08-29 — Andrew Garfield : ❌ Pas lui. (2/7 exacts, 1/7 partiels)
11:25:27  INFO     ✔️  2025-08-29 — Tobey Maguire : ❌ Pas lui. (2/7 exacts, 1/7 partiels)
11:25:34  INFO     ▶️  2025-08-30 — Andrew Garfield…
11:25:35  INFO     ✔️  2025-08-30 — Tom Holland : ❌ Pas lui. (3/7 exacts, 2/7 partiels)
11:25:36  INFO     ▶️  2025-08-30 — Tobey Maguire…
11:25:45  INFO     ▶️  2025-08-31 — Tom Holland…
11:25:51  INFO     ✔️  2025-08-30 — Andrew Garfield : ❌ Pas lui. (4/7 exacts, 2/7 partiels)
11:25:53  INFO     ✔️  2025-08-30 — Tobey Maguire : ❌ Pas lui. (4/7 exacts, 2/7 partiels)
11:25:58  INFO     ▶️  2025-08-31 — Andrew Garfield…
11:26:00  INFO     ▶️  2025-08-31 — Tobey Maguire…
11:26:01  INFO     ✔️  2025-08-31 — Tom Holland : ❌ Pas lui. (3/7 exacts, 1/7 partiels)
11:26:10  INFO     ▶️  2025-09-01 — Tom Holland…
11:26:15  INFO     ✔️  2025-08-31 — Andrew Garfield : ❌ Pas lui. (4/7 exacts, 1/7 partiels)
11:26:17  INFO     ✔️  2025-08-31 — Tobey Maguire : ❌ Pas lui. (4/7 exacts, 1/7 partiels)
11:26:21  INFO     ▶️  2025-09-01 — Andrew Garfield…
11:26:25  INFO     ▶️  2025-09-01 — Tobey Maguire…
11:26:26  INFO     ✔️  2025-09-01 — Tom Holland : ❌ Pas lui. (2/7 exacts, 1/7 partiels)
11:26:31  INFO     ▶️  2025-09-02 — Tom Holland…
11:26:38  INFO     ✔️  2025-09-01 — Andrew Garfield : ❌ Pas lui. (2/7 exacts, 1/7 partiels)
11:26:41  INFO     ✔️  2025-09-01 — Tobey Maguire : ❌ Pas lui. (2/7 exacts, 1/7 partiels)
11:26:46  INFO     ▶️  2025-09-02 — Andrew Garfield…
11:26:47  INFO     ✔️  2025-09-02 — Tom Holland : ❌ Pas lui. (3/7 exacts, 1/7 partiels)
11:26:49  INFO     ▶️  2025-09-02 — Tobey Maguire…
11:26:55  INFO     ▶️  2025-09-03 — Tom Holland…
11:27:03  INFO     ✔️  2025-09-02 — Andrew Garfield : ❌ Pas lui. (3/7 exacts, 1/7 partiels)
11:27:06  INFO     ✔️  2025-09-02 — Tobey Maguire : ❌ Pas lui. (3/7 exacts, 1/7 partiels)
11:27:11  INFO     ✔️  2025-09-03 — Tom Holland : ❌ Pas lui. (2/7 exacts, 1/7 partiels)
11:27:12  INFO     ▶️  2025-09-03 — Andrew Garfield…
11:27:13  INFO     ▶️  2025-09-03 — Tobey Maguire…
11:27:20  INFO     ▶️  2025-09-04 — Tom Holland…
11:27:29  INFO     ✔️  2025-09-03 — Andrew Garfield : ❌ Pas lui. (3/7 exacts, 1/7 partiels)
11:27:29  INFO     ✔️  2025-09-03 — Tobey Maguire : ❌ Pas lui. (3/7 exacts, 1/7 partiels)
11:27:34  INFO     ▶️  2025-09-04 — Andrew Garfield…
11:27:35  INFO     ▶️  2025-09-04 — Tobey Maguire…
11:27:36  INFO     ✔️  2025-09-04 — Tom Holland : ❌ Pas lui. (4/7 exacts, 2/7 partiels)
11:27:43  INFO     ▶️  2025-09-05 — Tom Holland…
11:27:51  INFO     ✔️  2025-09-04 — Andrew Garfield : ❌ Pas lui. (3/7 exacts, 2/7 partiels)
11:27:52  INFO     ✔️  2025-09-04 — Tobey Maguire : ❌ Pas lui. (3/7 exacts, 2/7 partiels)
11:27:56  INFO     ▶️  2025-09-05 — Andrew Garfield…
11:28:00  INFO     ✔️  2025-09-05 — Tom Holland : ❌ Pas lui. (1/7 exacts, 0/7 partiels)
11:28:02  INFO     ▶️  2025-09-05 — Tobey Maguire…
11:28:08  INFO     ▶️  2025-09-06 — Tom Holland…
11:28:12  INFO     ✔️  2025-09-05 — Andrew Garfield : ❌ Pas lui. (2/7 exacts, 0/7 partiels)
11:28:18  INFO     ▶️  2025-09-06 — Andrew Garfield…
11:28:18  INFO     ✔️  2025-09-05 — Tobey Maguire : ❌ Pas lui. (2/7 exacts, 0/7 partiels)
11:28:24  INFO     ✔️  2025-09-06 — Tom Holland : ❌ Pas lui. (1/7 exacts, 2/7 partiels)
11:28:27  INFO     ▶️  2025-09-06 — Tobey Maguire…
11:28:32  INFO     ▶️  2025-09-07 — Tom Holland…
11:28:34  INFO     ✔️  2025-09-06 — Andrew Garfield : ❌ Pas lui. (1/7 exacts, 2/7 partiels)
11:28:42  INFO     ▶️  2025-09-07 — Andrew Garfield…
11:28:44  INFO     ✔️  2025-09-06 — Tobey Maguire : ❌ Pas lui. (1/7 exacts, 2/7 partiels)
11:28:53  INFO     ▶️  2025-09-07 — Tobey Maguire…
11:28:53  INFO     ✔️  2025-09-07 — Tom Holland : ❌ Pas lui. (6/7 exacts, 0/7 partiels)
11:28:58  INFO     ▶️  2025-09-08 — Tom Holland…
11:28:58  INFO     ✔️  2025-09-07 — Andrew Garfield : ❌ Pas lui. (5/7 exacts, 0/7 partiels)
11:29:08  INFO     ▶️  2025-09-08 — Andrew Garfield…
11:29:10  INFO     ✔️  2025-09-07 — Tobey Maguire : ❌ Pas lui. (5/7 exacts, 0/7 partiels)
11:29:14  INFO     ✔️  2025-09-08 — Tom Holland : ❌ Pas lui. (3/7 exacts, 2/7 partiels)
11:29:17  INFO     ▶️  2025-09-08 — Tobey Maguire…
11:29:22  INFO     ▶️  2025-09-09 — Tom Holland…
11:29:24  INFO     ✔️  2025-09-08 — Andrew Garfield : ❌ Pas lui. (3/7 exacts, 1/7 partiels)
11:29:33  INFO     ▶️  2025-09-09 — Andrew Garfield…
11:29:34  INFO     ✔️  2025-09-08 — Tobey Maguire : ❌ Pas lui. (3/7 exacts, 1/7 partiels)
11:29:38  INFO     ✔️  2025-09-09 — Tom Holland : ❌ Pas lui. (3/7 exacts, 1/7 partiels)
11:29:39  INFO     ▶️  2025-09-09 — Tobey Maguire…
11:29:43  INFO     ▶️  2025-09-10 — Tom Holland…
11:29:50  INFO     ✔️  2025-09-09 — Andrew Garfield : ❌ Pas lui. (4/7 exacts, 1/7 partiels)
11:29:54  INFO     ▶️  2025-09-10 — Andrew Garfield…
11:29:56  INFO     ✔️  2025-09-09 — Tobey Maguire : ❌ Pas lui. (4/7 exacts, 1/7 partiels)
11:29:59  INFO     ✔️  2025-09-10 — Tom Holland : ❌ Pas lui. (3/7 exacts, 1/7 partiels)
11:30:03  INFO     ▶️  2025-09-10 — Tobey Maguire…
11:30:08  INFO     ▶️  2025-09-11 — Tom Holland…
11:30:11  INFO     ✔️  2025-09-10 — Andrew Garfield : ❌ Pas lui. (4/7 exacts, 1/7 partiels)
11:30:19  INFO     ✔️  2025-09-10 — Tobey Maguire : ❌ Pas lui. (4/7 exacts, 1/7 partiels)
11:30:21  INFO     ▶️  2025-09-11 — Andrew Garfield…
11:30:24  INFO     ▶️  2025-09-11 — Tobey Maguire…
11:30:24  INFO     ✔️  2025-09-11 — Tom Holland : ❌ Pas lui. (1/7 exacts, 2/7 partiels)
11:30:31  INFO     ▶️  2025-09-12 — Tom Holland…
11:30:37  INFO     ✔️  2025-09-11 — Andrew Garfield : ❌ Pas lui. (1/7 exacts, 2/7 partiels)
11:30:41  INFO     ✔️  2025-09-11 — Tobey Maguire : ❌ Pas lui. (1/7 exacts, 2/7 partiels)
11:30:45  INFO     ▶️  2025-09-12 — Andrew Garfield…
11:30:47  INFO     ✔️  2025-09-12 — Tom Holland : ❌ Pas lui. (2/7 exacts, 2/7 partiels)
11:30:50  INFO     ▶️  2025-09-12 — Tobey Maguire…
11:30:54  INFO     ▶️  2025-09-13 — Tom Holland…
11:31:02  INFO     ✔️  2025-09-12 — Andrew Garfield : ❌ Pas lui. (2/7 exacts, 2/7 partiels)
11:31:07  INFO     ✔️  2025-09-12 — Tobey Maguire : ❌ Pas lui. (2/7 exacts, 2/7 partiels)
11:31:08  INFO     ▶️  2025-09-13 — Andrew Garfield…
11:31:10  INFO     ✔️  2025-09-13 — Tom Holland : ❌ Pas lui. (1/7 exacts, 1/7 partiels)
11:31:11  INFO     ▶️  2025-09-13 — Tobey Maguire…
11:31:19  INFO     ▶️  2025-09-14 — Tom Holland…
11:31:25  INFO     ✔️  2025-09-13 — Andrew Garfield : ❌ Pas lui. (2/7 exacts, 1/7 partiels)
11:31:28  INFO     ✔️  2025-09-13 — Tobey Maguire : ❌ Pas lui. (2/7 exacts, 1/7 partiels)
11:31:30  INFO     ▶️  2025-09-14 — Andrew Garfield…
11:31:33  INFO     ▶️  2025-09-14 — Tobey Maguire…
11:31:35  INFO     ✔️  2025-09-14 — Tom Holland : ❌ Pas lui. (3/7 exacts, 2/7 partiels)
11:31:45  INFO     ▶️  2025-09-15 — Tom Holland…
11:31:46  INFO     ✔️  2025-09-14 — Andrew Garfield : ❌ Pas lui. (4/7 exacts, 2/7 partiels)
11:31:49  INFO     ✔️  2025-09-14 — Tobey Maguire : ❌ Pas lui. (4/7 exacts, 2/7 partiels)
11:31:53  INFO     ▶️  2025-09-15 — Andrew Garfield…
11:31:58  INFO     ▶️  2025-09-15 — Tobey Maguire…
11:32:01  INFO     ✔️  2025-09-15 — Tom Holland : ❌ Pas lui. (1/7 exacts, 1/7 partiels)
11:32:09  INFO     ✔️  2025-09-15 — Andrew Garfield : ❌ Pas lui. (1/7 exacts, 1/7 partiels)
11:32:10  INFO     ▶️  2025-09-16 — Tom Holland…
11:32:14  INFO     ▶️  2025-09-16 — Andrew Garfield…
11:32:15  INFO     ✔️  2025-09-15 — Tobey Maguire : ❌ Pas lui. (1/7 exacts, 1/7 partiels)
11:32:20  INFO     ▶️  2025-09-16 — Tobey Maguire…
11:32:26  INFO     ✔️  2025-09-16 — Tom Holland : ❌ Pas lui. (3/7 exacts, 1/7 partiels)
11:32:31  INFO     ✔️  2025-09-16 — Andrew Garfield : ❌ Pas lui. (4/7 exacts, 1/7 partiels)
11:32:33  INFO     ▶️  2025-09-17 — Tom Holland…
11:32:37  INFO     ✔️  2025-09-16 — Tobey Maguire : ❌ Pas lui. (4/7 exacts, 1/7 partiels)
11:32:40  INFO     ▶️  2025-09-17 — Andrew Garfield…
11:32:42  INFO     ▶️  2025-09-17 — Tobey Maguire…
11:32:49  INFO     ✔️  2025-09-17 — Tom Holland : ❌ Pas lui. (1/7 exacts, 1/7 partiels)
11:32:54  INFO     ▶️  2025-09-18 — Tom Holland…
11:32:57  INFO     ✔️  2025-09-17 — Andrew Garfield : ❌ Pas lui. (2/7 exacts, 1/7 partiels)
11:32:59  INFO     ✔️  2025-09-17 — Tobey Maguire : ❌ Pas lui. (2/7 exacts, 1/7 partiels)
11:33:04  INFO     ▶️  2025-09-18 — Andrew Garfield…
11:33:07  INFO     ▶️  2025-09-18 — Tobey Maguire…
11:33:10  INFO     ✔️  2025-09-18 — Tom Holland : ❌ Pas lui. (1/7 exacts, 1/7 partiels)
11:33:15  INFO     ▶️  2025-09-19 — Tom Holland…
11:33:20  INFO     ✔️  2025-09-18 — Andrew Garfield : ❌ Pas lui. (1/7 exacts, 1/7 partiels)
11:33:23  INFO     ✔️  2025-09-18 — Tobey Maguire : ❌ Pas lui. (1/7 exacts, 1/7 partiels)
11:33:26  INFO     ▶️  2025-09-19 — Andrew Garfield…
11:33:28  INFO     ▶️  2025-09-19 — Tobey Maguire…
11:33:32  INFO     ✔️  2025-09-19 — Tom Holland : ✅ C'est lui ! (7/7 exacts, 0/7 partiels)
11:33:41  INFO     ▶️  2025-09-20 — Tom Holland…
11:33:43  INFO     ✔️  2025-09-19 — Andrew Garfield : ❌ Pas lui. (6/7 exacts, 0/7 partiels)
11:33:44  INFO     ✔️  2025-09-19 — Tobey Maguire : ❌ Pas lui. (6/7 exacts, 0/7 partiels)
11:33:49  INFO     ▶️  2025-09-20 — Andrew Garfield…
11:33:54  INFO     ▶️  2025-09-20 — Tobey Maguire…
11:33:57  INFO     ✔️  2025-09-20 — Tom Holland : ❌ Pas lui. (2/7 exacts, 2/7 partiels)
11:34:01  INFO     ▶️  2025-09-21 — Tom Holland…
11:34:06  INFO     ✔️  2025-09-20 — Andrew Garfield : ❌ Pas lui. (2/7 exacts, 2/7 partiels)
11:34:10  INFO     ▶️  2025-09-21 — Andrew Garfield…
11:34:11  INFO     ✔️  2025-09-20 — Tobey Maguire : ❌ Pas lui. (2/7 exacts, 2/7 partiels)
11:34:20  INFO     ▶️  2025-09-21 — Tobey Maguire…
11:34:22  INFO     ✔️  2025-09-21 — Tom Holland : ❌ Pas lui. (2/7 exacts, 1/7 partiels)
11:34:26  INFO     ✔️  2025-09-21 — Andrew Garfield : ❌ Pas lui. (2/7 exacts, 1/7 partiels)
11:34:27  INFO     ▶️  2025-09-22 — Tom Holland…
11:34:33  INFO     ▶️  2025-09-22 — Andrew Garfield…
11:34:42  INFO     ✔️  2025-09-21 — Tobey Maguire : ❌ Pas lui. (2/7 exacts, 1/7 partiels)
11:34:43  INFO     ✔️  2025-09-22 — Tom Holland : ❌ Pas lui. (2/7 exacts, 1/7 partiels)
11:34:49  INFO     ▶️  2025-09-22 — Tobey Maguire…
11:34:50  INFO     ✔️  2025-09-22 — Andrew Garfield : ❌ Pas lui. (3/7 exacts, 1/7 partiels)
11:34:51  INFO     ▶️  2025-09-23 — Tom Holland…
11:34:55  INFO     ▶️  2025-09-23 — Andrew Garfield…
11:35:06  INFO     ✔️  2025-09-22 — Tobey Maguire : ❌ Pas lui. (3/7 exacts, 1/7 partiels)
11:35:07  INFO     ✔️  2025-09-23 — Tom Holland : ❌ Pas lui. (3/7 exacts, 1/7 partiels)
11:35:11  INFO     ✔️  2025-09-23 — Andrew Garfield : ❌ Pas lui. (3/7 exacts, 1/7 partiels)
11:35:12  INFO     ▶️  2025-09-23 — Tobey Maguire…
11:35:14  INFO     ▶️  2025-09-24 — Tom Holland…
11:35:17  INFO     ▶️  2025-09-24 — Andrew Garfield…
11:35:28  INFO     ✔️  2025-09-23 — Tobey Maguire : ❌ Pas lui. (3/7 exacts, 1/7 partiels)
11:35:31  INFO     ✔️  2025-09-24 — Tom Holland : ❌ Pas lui. (2/7 exacts, 0/7 partiels)
11:35:33  INFO     ✔️  2025-09-24 — Andrew Garfield : ❌ Pas lui. (3/7 exacts, 0/7 partiels)
11:35:35  INFO     ▶️  2025-09-24 — Tobey Maguire…
11:35:38  INFO     ▶️  2025-09-25 — Tom Holland…
11:35:39  INFO     ▶️  2025-09-25 — Andrew Garfield…
11:35:51  INFO     ✔️  2025-09-24 — Tobey Maguire : ❌ Pas lui. (3/7 exacts, 0/7 partiels)
11:35:54  INFO     ✔️  2025-09-25 — Tom Holland : ❌ Pas lui. (2/7 exacts, 2/7 partiels)
11:35:55  INFO     ✔️  2025-09-25 — Andrew Garfield : ❌ Pas lui. (2/7 exacts, 2/7 partiels)
11:35:55  INFO     ▶️  2025-09-25 — Tobey Maguire…
11:36:02  INFO     ▶️  2025-09-26 — Tom Holland…
11:36:05  INFO     ▶️  2025-09-26 — Andrew Garfield…
11:36:16  INFO     ✔️  2025-09-25 — Tobey Maguire : ❌ Pas lui. (2/7 exacts, 2/7 partiels)
11:36:22  INFO     ✔️  2025-09-26 — Tom Holland : ❌ Pas lui. (2/7 exacts, 1/7 partiels)
11:36:25  INFO     ✔️  2025-09-26 — Andrew Garfield : ❌ Pas lui. (3/7 exacts, 1/7 partiels)
11:36:25  INFO     ▶️  2025-09-26 — Tobey Maguire…
11:36:29  INFO     ▶️  2025-09-27 — Tom Holland…
11:36:33  INFO     ▶️  2025-09-27 — Andrew Garfield…
11:36:42  INFO     ✔️  2025-09-26 — Tobey Maguire : ❌ Pas lui. (3/7 exacts, 1/7 partiels)
11:36:45  INFO     ✔️  2025-09-27 — Tom Holland : ❌ Pas lui. (2/7 exacts, 1/7 partiels)
11:36:47  INFO     ▶️  2025-09-27 — Tobey Maguire…
11:36:49  INFO     ✔️  2025-09-27 — Andrew Garfield : ❌ Pas lui. (2/7 exacts, 1/7 partiels)
11:36:55  INFO     ▶️  2025-09-28 — Tom Holland…
11:36:56  INFO     ▶️  2025-09-28 — Andrew Garfield…
11:37:04  INFO     ✔️  2025-09-27 — Tobey Maguire : ❌ Pas lui. (2/7 exacts, 1/7 partiels)
11:37:11  INFO     ▶️  2025-09-28 — Tobey Maguire…
11:37:11  INFO     ✔️  2025-09-28 — Tom Holland : ❌ Pas lui. (3/7 exacts, 1/7 partiels)
11:37:13  INFO     ✔️  2025-09-28 — Andrew Garfield : ❌ Pas lui. (4/7 exacts, 1/7 partiels)
11:37:17  INFO     ▶️  2025-09-29 — Tom Holland…
11:37:21  INFO     ▶️  2025-09-29 — Andrew Garfield…
11:37:27  INFO     ✔️  2025-09-28 — Tobey Maguire : ❌ Pas lui. (4/7 exacts, 1/7 partiels)
11:37:31  INFO     ▶️  2025-09-29 — Tobey Maguire…
11:37:33  INFO     ✔️  2025-09-29 — Tom Holland : ❌ Pas lui. (1/7 exacts, 2/7 partiels)
11:37:38  INFO     ✔️  2025-09-29 — Andrew Garfield : ❌ Pas lui. (1/7 exacts, 2/7 partiels)
11:37:42  INFO     ▶️  2025-09-30 — Tom Holland…
11:37:46  INFO     ▶️  2025-09-30 — Andrew Garfield…
11:37:52  INFO     ✔️  2025-09-29 — Tobey Maguire : ❌ Pas lui. (1/7 exacts, 2/7 partiels)
11:37:56  INFO     ▶️  2025-09-30 — Tobey Maguire…
11:37:58  INFO     ✔️  2025-09-30 — Tom Holland : ❌ Pas lui. (2/7 exacts, 1/7 partiels)
11:38:03  INFO     ✔️  2025-09-30 — Andrew Garfield : ❌ Pas lui. (2/7 exacts, 1/7 partiels)
11:38:08  INFO     ▶️  2025-10-01 — Tom Holland…
11:38:09  INFO     ▶️  2025-10-01 — Andrew Garfield…
11:38:13  INFO     ✔️  2025-09-30 — Tobey Maguire : ❌ Pas lui. (2/7 exacts, 1/7 partiels)
11:38:20  INFO     ▶️  2025-10-01 — Tobey Maguire…
11:38:24  INFO     ✔️  2025-10-01 — Tom Holland : ❌ Pas lui. (1/7 exacts, 0/7 partiels)
11:38:26  INFO     ✔️  2025-10-01 — Andrew Garfield : ❌ Pas lui. (1/7 exacts, 0/7 partiels)
11:38:33  INFO     ▶️  2025-10-02 — Tom Holland…
11:38:33  INFO     ▶️  2025-10-02 — Andrew Garfield…
11:38:37  INFO     ✔️  2025-10-01 — Tobey Maguire : ❌ Pas lui. (1/7 exacts, 0/7 partiels)
11:38:46  INFO     ▶️  2025-10-02 — Tobey Maguire…
11:38:49  INFO     ✔️  2025-10-02 — Tom Holland : ❌ Pas lui. (2/7 exacts, 2/7 partiels)
11:38:50  INFO     ✔️  2025-10-02 — Andrew Garfield : ❌ Pas lui. (2/7 exacts, 1/7 partiels)
11:38:54  INFO     ▶️  2025-10-03 — Tom Holland…
11:38:55  INFO     ▶️  2025-10-03 — Andrew Garfield…
11:39:03  INFO     ✔️  2025-10-02 — Tobey Maguire : ❌ Pas lui. (2/7 exacts, 1/7 partiels)
11:39:07  INFO     ▶️  2025-10-03 — Tobey Maguire…
11:39:10  INFO     ✔️  2025-10-03 — Tom Holland : ❌ Pas lui. (5/7 exacts, 1/7 partiels)
11:39:12  INFO     ✔️  2025-10-03 — Andrew Garfield : ❌ Pas lui. (5/7 exacts, 1/7 partiels)
11:39:16  INFO     ▶️  2025-10-04 — Tom Holland…
11:39:19  INFO     ▶️  2025-10-04 — Andrew Garfield…
11:39:24  INFO     ✔️  2025-10-03 — Tobey Maguire : ❌ Pas lui. (5/7 exacts, 1/7 partiels)
11:39:30  INFO     ▶️  2025-10-04 — Tobey Maguire…
11:39:32  INFO     ✔️  2025-10-04 — Tom Holland : ❌ Pas lui. (2/7 exacts, 3/7 partiels)
11:39:35  INFO     ✔️  2025-10-04 — Andrew Garfield : ❌ Pas lui. (2/7 exacts, 3/7 partiels)
11:39:38  INFO     ▶️  2025-10-05 — Tom Holland…
11:39:44  INFO     ▶️  2025-10-05 — Andrew Garfield…
11:39:46  INFO     ✔️  2025-10-04 — Tobey Maguire : ❌ Pas lui. (2/7 exacts, 3/7 partiels)
11:39:50  INFO     ▶️  2025-10-05 — Tobey Maguire…
11:39:54  INFO     ✔️  2025-10-05 — Tom Holland : ❌ Pas lui. (3/7 exacts, 2/7 partiels)
11:40:00  INFO     ▶️  2025-10-06 — Tom Holland…
11:40:00  INFO     ✔️  2025-10-05 — Andrew Garfield : ❌ Pas lui. (3/7 exacts, 2/7 partiels)
11:40:06  INFO     ▶️  2025-10-06 — Andrew Garfield…
11:40:07  INFO     ✔️  2025-10-05 — Tobey Maguire : ❌ Pas lui. (3/7 exacts, 2/7 partiels)
11:40:14  INFO     ▶️  2025-10-06 — Tobey Maguire…
11:40:20  INFO     ✔️  2025-10-06 — Tom Holland : ❌ Pas lui. (2/7 exacts, 1/7 partiels)
11:40:22  INFO     ✔️  2025-10-06 — Andrew Garfield : ❌ Pas lui. (2/7 exacts, 1/7 partiels)
11:40:29  INFO     ▶️  2025-10-07 — Tom Holland…
11:40:29  INFO     ▶️  2025-10-07 — Andrew Garfield…
11:40:30  INFO     ✔️  2025-10-06 — Tobey Maguire : ❌ Pas lui. (2/7 exacts, 1/7 partiels)
11:40:35  INFO     ▶️  2025-10-07 — Tobey Maguire…
11:40:45  INFO     ✔️  2025-10-07 — Tom Holland : ❌ Pas lui. (5/7 exacts, 0/7 partiels)
11:40:46  INFO     ✔️  2025-10-07 — Andrew Garfield : ❌ Pas lui. (5/7 exacts, 0/7 partiels)
11:40:52  INFO     ✔️  2025-10-07 — Tobey Maguire : ❌ Pas lui. (5/7 exacts, 0/7 partiels)
11:40:53  INFO     ▶️  2025-10-08 — Tom Holland…
11:40:54  INFO     ▶️  2025-10-08 — Andrew Garfield…
11:40:56  INFO     ▶️  2025-10-08 — Tobey Maguire…
11:41:09  INFO     ✔️  2025-10-08 — Tom Holland : ❌ Pas lui. (2/7 exacts, 1/7 partiels)
11:41:10  INFO     ✔️  2025-10-08 — Andrew Garfield : ❌ Pas lui. (2/7 exacts, 1/7 partiels)
11:41:13  INFO     ✔️  2025-10-08 — Tobey Maguire : ❌ Pas lui. (2/7 exacts, 1/7 partiels)
11:41:15  INFO     ▶️  2025-10-09 — Tom Holland…
11:41:15  INFO     ▶️  2025-10-09 — Andrew Garfield…
11:41:17  INFO     ▶️  2025-10-09 — Tobey Maguire…
11:41:31  INFO     ✔️  2025-10-09 — Tom Holland : ❌ Pas lui. (1/7 exacts, 1/7 partiels)
11:41:32  INFO     ✔️  2025-10-09 — Andrew Garfield : ❌ Pas lui. (1/7 exacts, 1/7 partiels)
11:41:34  INFO     ✔️  2025-10-09 — Tobey Maguire : ❌ Pas lui. (1/7 exacts, 1/7 partiels)
11:41:38  INFO     ▶️  2025-10-10 — Tom Holland…
11:41:39  INFO     ▶️  2025-10-10 — Andrew Garfield…
11:41:39  INFO     ▶️  2025-10-10 — Tobey Maguire…
11:41:54  INFO     ✔️  2025-10-10 — Tom Holland : ❌ Pas lui. (3/7 exacts, 2/7 partiels)
11:41:56  INFO     ✔️  2025-10-10 — Andrew Garfield : ❌ Pas lui. (3/7 exacts, 2/7 partiels)
11:41:56  INFO     ✔️  2025-10-10 — Tobey Maguire : ❌ Pas lui. (3/7 exacts, 2/7 partiels)
11:42:02  INFO     ▶️  2025-10-11 — Tom Holland…
11:42:02  INFO     ▶️  2025-10-11 — Andrew Garfield…
11:42:03  INFO     ▶️  2025-10-11 — Tobey Maguire…
11:42:18  INFO     ✔️  2025-10-11 — Tom Holland : ❌ Pas lui. (2/7 exacts, 1/7 partiels)
11:42:19  INFO     ✔️  2025-10-11 — Andrew Garfield : ❌ Pas lui. (2/7 exacts, 1/7 partiels)
11:42:20  INFO     ✔️  2025-10-11 — Tobey Maguire : ❌ Pas lui. (2/7 exacts, 1/7 partiels)
11:42:25  INFO     ▶️  2025-10-12 — Tom Holland…
11:42:26  INFO     ▶️  2025-10-12 — Andrew Garfield…
11:42:28  INFO     ▶️  2025-10-12 — Tobey Maguire…
11:42:42  INFO     ✔️  2025-10-12 — Tom Holland : ❌ Pas lui. (3/7 exacts, 1/7 partiels)
11:42:43  INFO     ✔️  2025-10-12 — Andrew Garfield : ❌ Pas lui. (4/7 exacts, 1/7 partiels)
11:42:44  INFO     ✔️  2025-10-12 — Tobey Maguire : ❌ Pas lui. (4/7 exacts, 1/7 partiels)
11:42:50  INFO     ▶️  2025-10-13 — Tom Holland…
11:42:50  INFO     ▶️  2025-10-13 — Andrew Garfield…
11:42:54  INFO     ▶️  2025-10-13 — Tobey Maguire…
11:43:06  INFO     ✔️  2025-10-13 — Tom Holland : ❌ Pas lui. (2/7 exacts, 1/7 partiels)
11:43:07  INFO     ✔️  2025-10-13 — Andrew Garfield : ❌ Pas lui. (2/7 exacts, 1/7 partiels)
11:43:10  INFO     ▶️  2025-10-14 — Tom Holland…
11:43:11  INFO     ✔️  2025-10-13 — Tobey Maguire : ❌ Pas lui. (2/7 exacts, 1/7 partiels)
11:43:14  INFO     ▶️  2025-10-14 — Andrew Garfield…
11:43:16  INFO     ▶️  2025-10-14 — Tobey Maguire…
11:43:27  INFO     ✔️  2025-10-14 — Tom Holland : ❌ Pas lui. (3/7 exacts, 2/7 partiels)
11:43:31  INFO     ✔️  2025-10-14 — Andrew Garfield : ❌ Pas lui. (3/7 exacts, 2/7 partiels)
11:43:32  INFO     ✔️  2025-10-14 — Tobey Maguire : ❌ Pas lui. (3/7 exacts, 2/7 partiels)
11:43:33  INFO     ▶️  2025-10-15 — Tom Holland…
11:43:36  INFO     ▶️  2025-10-15 — Andrew Garfield…
11:43:38  INFO     ▶️  2025-10-15 — Tobey Maguire…
11:43:50  INFO     ✔️  2025-10-15 — Tom Holland : ❌ Pas lui. (4/7 exacts, 0/7 partiels)
11:43:53  INFO     ✔️  2025-10-15 — Andrew Garfield : ❌ Pas lui. (5/7 exacts, 0/7 partiels)
11:43:54  INFO     ✔️  2025-10-15 — Tobey Maguire : ❌ Pas lui. (5/7 exacts, 0/7 partiels)
11:43:57  INFO     ▶️  2025-10-16 — Tom Holland…
11:44:01  INFO     ▶️  2025-10-16 — Andrew Garfield…
11:44:03  INFO     ▶️  2025-10-16 — Tobey Maguire…
11:44:13  INFO     ✔️  2025-10-16 — Tom Holland : ❌ Pas lui. (0/7 exacts, 1/7 partiels)
11:44:18  INFO     ✔️  2025-10-16 — Andrew Garfield : ❌ Pas lui. (1/7 exacts, 1/7 partiels)
11:44:20  INFO     ✔️  2025-10-16 — Tobey Maguire : ❌ Pas lui. (1/7 exacts, 1/7 partiels)
11:44:20  INFO     ▶️  2025-10-17 — Tom Holland…
11:44:27  INFO     ▶️  2025-10-17 — Andrew Garfield…
11:44:28  INFO     ▶️  2025-10-17 — Tobey Maguire…
11:44:37  INFO     ✔️  2025-10-17 — Tom Holland : ❌ Pas lui. (1/7 exacts, 2/7 partiels)
11:44:41  INFO     ▶️  2025-10-18 — Tom Holland…
11:44:44  INFO     ✔️  2025-10-17 — Andrew Garfield : ❌ Pas lui. (1/7 exacts, 2/7 partiels)
11:44:45  INFO     ✔️  2025-10-17 — Tobey Maguire : ❌ Pas lui. (1/7 exacts, 2/7 partiels)
11:44:51  INFO     ▶️  2025-10-18 — Andrew Garfield…
11:44:52  INFO     ▶️  2025-10-18 — Tobey Maguire…
11:44:58  INFO     ✔️  2025-10-18 — Tom Holland : ❌ Pas lui. (2/7 exacts, 2/7 partiels)
11:45:07  INFO     ✔️  2025-10-18 — Andrew Garfield : ❌ Pas lui. (2/7 exacts, 2/7 partiels)
11:45:08  INFO     ▶️  2025-10-19 — Tom Holland…
11:45:08  INFO     ✔️  2025-10-18 — Tobey Maguire : ❌ Pas lui. (2/7 exacts, 2/7 partiels)
11:45:17  INFO     ▶️  2025-10-19 — Andrew Garfield…
11:45:18  INFO     ▶️  2025-10-19 — Tobey Maguire…
11:45:24  INFO     ✔️  2025-10-19 — Tom Holland : ❌ Pas lui. (2/7 exacts, 2/7 partiels)
11:45:33  INFO     ▶️  2025-10-20 — Tom Holland…
11:45:34  INFO     ✔️  2025-10-19 — Andrew Garfield : ❌ Pas lui. (3/7 exacts, 2/7 partiels)
11:45:35  INFO     ✔️  2025-10-19 — Tobey Maguire : ❌ Pas lui. (3/7 exacts, 2/7 partiels)
11:45:40  INFO     ▶️  2025-10-20 — Andrew Garfield…
11:45:43  INFO     ▶️  2025-10-20 — Tobey Maguire…
11:45:49  INFO     ✔️  2025-10-20 — Tom Holland : ❌ Pas lui. (6/7 exacts, 0/7 partiels)
11:45:57  INFO     ✔️  2025-10-20 — Andrew Garfield : ❌ Pas lui. (7/7 exacts, 0/7 partiels)
11:45:58  INFO     ▶️  2025-10-21 — Tom Holland…
11:46:00  INFO     ✔️  2025-10-20 — Tobey Maguire : ✅ C'est lui ! (7/7 exacts, 0/7 partiels)
11:46:03  INFO     ▶️  2025-10-21 — Andrew Garfield…
11:46:04  INFO     ▶️  2025-10-21 — Tobey Maguire…
11:46:14  INFO     ✔️  2025-10-21 — Tom Holland : ❌ Pas lui. (3/7 exacts, 1/7 partiels)
11:46:19  INFO     ▶️  2025-10-22 — Tom Holland…
11:46:19  INFO     ✔️  2025-10-21 — Andrew Garfield : ❌ Pas lui. (3/7 exacts, 1/7 partiels)
11:46:20  INFO     ✔️  2025-10-21 — Tobey Maguire : ❌ Pas lui. (3/7 exacts, 1/7 partiels)
11:46:23  INFO     ▶️  2025-10-22 — Andrew Garfield…
11:46:24  INFO     ▶️  2025-10-22 — Tobey Maguire…
11:46:35  INFO     ✔️  2025-10-22 — Tom Holland : ❌ Pas lui. (1/7 exacts, 1/7 partiels)
11:46:40  INFO     ✔️  2025-10-22 — Andrew Garfield : ❌ Pas lui. (1/7 exacts, 1/7 partiels)
11:46:41  INFO     ✔️  2025-10-22 — Tobey Maguire : ❌ Pas lui. (1/7 exacts, 1/7 partiels)
11:46:41  INFO     ▶️  2025-10-23 — Tom Holland…
11:46:45  INFO     ▶️  2025-10-23 — Andrew Garfield…
11:46:50  INFO     ▶️  2025-10-23 — Tobey Maguire…
11:46:58  INFO     ✔️  2025-10-23 — Tom Holland : ❌ Pas lui. (2/7 exacts, 1/7 partiels)
11:47:02  INFO     ✔️  2025-10-23 — Andrew Garfield : ❌ Pas lui. (3/7 exacts, 1/7 partiels)
11:47:05  INFO     ▶️  2025-10-24 — Tom Holland…
11:47:06  INFO     ✔️  2025-10-23 — Tobey Maguire : ❌ Pas lui. (3/7 exacts, 1/7 partiels)
11:47:09  INFO     ▶️  2025-10-24 — Andrew Garfield…
11:47:13  INFO     ▶️  2025-10-24 — Tobey Maguire…
11:47:22  INFO     ✔️  2025-10-24 — Tom Holland : ❌ Pas lui. (2/7 exacts, 1/7 partiels)
11:47:25  INFO     ✔️  2025-10-24 — Andrew Garfield : ❌ Pas lui. (3/7 exacts, 1/7 partiels)
11:47:29  INFO     ▶️  2025-10-25 — Tom Holland…
11:47:29  INFO     ✔️  2025-10-24 — Tobey Maguire : ❌ Pas lui. (3/7 exacts, 1/7 partiels)
11:47:29  INFO     ▶️  2025-10-25 — Andrew Garfield…
11:47:37  INFO     ▶️  2025-10-25 — Tobey Maguire…
11:47:45  INFO     ✔️  2025-10-25 — Tom Holland : ❌ Pas lui. (3/7 exacts, 3/7 partiels)
11:47:46  INFO     ✔️  2025-10-25 — Andrew Garfield : ❌ Pas lui. (3/7 exacts, 2/7 partiels)
11:47:50  INFO     ▶️  2025-10-26 — Tom Holland…
11:47:51  INFO     ▶️  2025-10-26 — Andrew Garfield…
11:47:53  INFO     ✔️  2025-10-25 — Tobey Maguire : ❌ Pas lui. (3/7 exacts, 2/7 partiels)
11:48:00  INFO     ▶️  2025-10-26 — Tobey Maguire…
11:48:06  INFO     ✔️  2025-10-26 — Tom Holland : ❌ Pas lui. (3/7 exacts, 2/7 partiels)
11:48:07  INFO     ✔️  2025-10-26 — Andrew Garfield : ❌ Pas lui. (3/7 exacts, 2/7 partiels)
11:48:14  INFO     ▶️  2025-10-27 — Tom Holland…
11:48:15  INFO     ▶️  2025-10-27 — Andrew Garfield…
11:48:16  INFO     ✔️  2025-10-26 — Tobey Maguire : ❌ Pas lui. (3/7 exacts, 2/7 partiels)
11:48:21  INFO     ▶️  2025-10-27 — Tobey Maguire…
11:48:30  INFO     ✔️  2025-10-27 — Tom Holland : ❌ Pas lui. (2/7 exacts, 2/7 partiels)
11:48:31  INFO     ✔️  2025-10-27 — Andrew Garfield : ❌ Pas lui. (3/7 exacts, 2/7 partiels)
11:48:35  INFO     ▶️  2025-10-28 — Tom Holland…
11:48:38  INFO     ✔️  2025-10-27 — Tobey Maguire : ❌ Pas lui. (3/7 exacts, 2/7 partiels)
11:48:41  INFO     ▶️  2025-10-28 — Andrew Garfield…
11:48:46  INFO     ▶️  2025-10-28 — Tobey Maguire…
11:48:55  INFO     ✔️  2025-10-28 — Tom Holland : ❌ Pas lui. (2/7 exacts, 1/7 partiels)
11:48:57  INFO     ✔️  2025-10-28 — Andrew Garfield : ❌ Pas lui. (3/7 exacts, 1/7 partiels)
11:49:03  INFO     ▶️  2025-10-29 — Tom Holland…
11:49:03  INFO     ✔️  2025-10-28 — Tobey Maguire : ❌ Pas lui. (3/7 exacts, 1/7 partiels)
11:49:06  INFO     ▶️  2025-10-29 — Andrew Garfield…
11:49:12  INFO     ▶️  2025-10-29 — Tobey Maguire…
11:49:19  INFO     ✔️  2025-10-29 — Tom Holland : ❌ Pas lui. (0/7 exacts, 1/7 partiels)
11:49:22  INFO     ✔️  2025-10-29 — Andrew Garfield : ❌ Pas lui. (1/7 exacts, 1/7 partiels)
11:49:27  INFO     ▶️  2025-10-30 — Tom Holland…
11:49:28  INFO     ▶️  2025-10-30 — Andrew Garfield…
11:49:29  INFO     ✔️  2025-10-29 — Tobey Maguire : ❌ Pas lui. (1/7 exacts, 1/7 partiels)
11:49:36  INFO     ▶️  2025-10-30 — Tobey Maguire…
11:49:43  INFO     ✔️  2025-10-30 — Tom Holland : ❌ Pas lui. (1/7 exacts, 1/7 partiels)
11:49:44  INFO     ✔️  2025-10-30 — Andrew Garfield : ❌ Pas lui. (1/7 exacts, 1/7 partiels)
11:49:49  INFO     ▶️  2025-10-31 — Tom Holland…
11:49:52  INFO     ✔️  2025-10-30 — Tobey Maguire : ❌ Pas lui. (1/7 exacts, 1/7 partiels)
11:49:54  INFO     ▶️  2025-10-31 — Andrew Garfield…
11:50:00  INFO     ▶️  2025-10-31 — Tobey Maguire…
11:50:05  INFO     ✔️  2025-10-31 — Tom Holland : ❌ Pas lui. (1/7 exacts, 2/7 partiels)
11:50:09  INFO     ▶️  2025-11-01 — Tom Holland…
11:50:11  INFO     ✔️  2025-10-31 — Andrew Garfield : ❌ Pas lui. (1/7 exacts, 2/7 partiels)
11:50:17  INFO     ✔️  2025-10-31 — Tobey Maguire : ❌ Pas lui. (1/7 exacts, 2/7 partiels)
11:50:17  INFO     ▶️  2025-11-01 — Andrew Garfield…
11:50:26  INFO     ✔️  2025-11-01 — Tom Holland : ❌ Pas lui. (2/7 exacts, 1/7 partiels)
11:50:26  INFO     ▶️  2025-11-01 — Tobey Maguire…
11:50:30  INFO     ▶️  2025-11-02 — Tom Holland…
11:50:33  INFO     ✔️  2025-11-01 — Andrew Garfield : ❌ Pas lui. (3/7 exacts, 1/7 partiels)
11:50:43  INFO     ▶️  2025-11-02 — Andrew Garfield…
11:50:45  INFO     ✔️  2025-11-01 — Tobey Maguire : ❌ Pas lui. (3/7 exacts, 1/7 partiels)
11:50:50  INFO     ✔️  2025-11-02 — Tom Holland : ❌ Pas lui. (1/7 exacts, 2/7 partiels)
11:50:54  INFO     ▶️  2025-11-02 — Tobey Maguire…
11:50:55  INFO     ▶️  2025-11-03 — Tom Holland…
11:51:00  INFO     ✔️  2025-11-02 — Andrew Garfield : ❌ Pas lui. (1/7 exacts, 2/7 partiels)
11:51:04  INFO     ▶️  2025-11-03 — Andrew Garfield…
11:51:15  INFO     ✔️  2025-11-02 — Tobey Maguire : ❌ Pas lui. (1/7 exacts, 2/7 partiels)
11:51:17  INFO     ✔️  2025-11-03 — Tom Holland : ❌ Pas lui. (4/7 exacts, 1/7 partiels)
11:51:21  INFO     ✔️  2025-11-03 — Andrew Garfield : ❌ Pas lui. (5/7 exacts, 1/7 partiels)
11:51:23  INFO     ▶️  2025-11-03 — Tobey Maguire…
11:51:25  INFO     ▶️  2025-11-04 — Tom Holland…
11:51:26  INFO     ▶️  2025-11-04 — Andrew Garfield…
11:51:39  INFO     ✔️  2025-11-03 — Tobey Maguire : ❌ Pas lui. (5/7 exacts, 1/7 partiels)
11:51:41  INFO     ✔️  2025-11-04 — Tom Holland : ❌ Pas lui. (3/7 exacts, 1/7 partiels)
11:51:42  INFO     ✔️  2025-11-04 — Andrew Garfield : ❌ Pas lui. (3/7 exacts, 1/7 partiels)
11:51:47  INFO     ▶️  2025-11-04 — Tobey Maguire…
11:51:47  INFO     ▶️  2025-11-05 — Tom Holland…
11:51:49  INFO     ▶️  2025-11-05 — Andrew Garfield…
11:52:04  INFO     ✔️  2025-11-05 — Tom Holland : ❌ Pas lui. (2/7 exacts, 1/7 partiels)
11:52:04  INFO     ✔️  2025-11-04 — Tobey Maguire : ❌ Pas lui. (3/7 exacts, 1/7 partiels)
11:52:06  INFO     ✔️  2025-11-05 — Andrew Garfield : ❌ Pas lui. (3/7 exacts, 1/7 partiels)
11:52:09  INFO     ▶️  2025-11-05 — Tobey Maguire…
11:52:11  INFO     ▶️  2025-11-06 — Tom Holland…
11:52:16  INFO     ▶️  2025-11-06 — Andrew Garfield…
11:52:26  INFO     ✔️  2025-11-05 — Tobey Maguire : ❌ Pas lui. (3/7 exacts, 1/7 partiels)
11:52:27  INFO     ✔️  2025-11-06 — Tom Holland : ❌ Pas lui. (2/7 exacts, 1/7 partiels)
11:52:33  INFO     ✔️  2025-11-06 — Andrew Garfield : ❌ Pas lui. (2/7 exacts, 1/7 partiels)
11:52:33  INFO     ▶️  2025-11-06 — Tobey Maguire…
11:52:34  INFO     ▶️  2025-11-07 — Tom Holland…
11:52:39  INFO     ▶️  2025-11-07 — Andrew Garfield…
11:52:49  INFO     ✔️  2025-11-06 — Tobey Maguire : ❌ Pas lui. (2/7 exacts, 1/7 partiels)
11:52:50  INFO     ✔️  2025-11-07 — Tom Holland : ❌ Pas lui. (3/7 exacts, 1/7 partiels)
11:52:55  INFO     ✔️  2025-11-07 — Andrew Garfield : ❌ Pas lui. (3/7 exacts, 1/7 partiels)
11:52:56  INFO     ▶️  2025-11-07 — Tobey Maguire…
11:52:59  INFO     ▶️  2025-11-08 — Tom Holland…
11:53:00  INFO     ▶️  2025-11-08 — Andrew Garfield…
11:53:13  INFO     ✔️  2025-11-07 — Tobey Maguire : ❌ Pas lui. (3/7 exacts, 1/7 partiels)
11:53:15  INFO     ✔️  2025-11-08 — Tom Holland : ❌ Pas lui. (4/7 exacts, 0/7 partiels)
11:53:17  INFO     ✔️  2025-11-08 — Andrew Garfield : ❌ Pas lui. (4/7 exacts, 0/7 partiels)
11:53:19  INFO     ▶️  2025-11-08 — Tobey Maguire…
11:53:20  INFO     ▶️  2025-11-09 — Tom Holland…
11:53:23  INFO     ▶️  2025-11-09 — Andrew Garfield…
11:53:37  INFO     ✔️  2025-11-08 — Tobey Maguire : ❌ Pas lui. (4/7 exacts, 0/7 partiels)
11:53:39  INFO     ✔️  2025-11-09 — Tom Holland : ❌ Pas lui. (2/7 exacts, 1/7 partiels)
11:53:43  INFO     ✔️  2025-11-09 — Andrew Garfield : ❌ Pas lui. (3/7 exacts, 1/7 partiels)
11:53:44  INFO     ▶️  2025-11-09 — Tobey Maguire…
11:53:47  INFO     ▶️  2025-11-10 — Tom Holland…
11:53:53  INFO     ▶️  2025-11-10 — Andrew Garfield…
11:54:01  INFO     ✔️  2025-11-09 — Tobey Maguire : ❌ Pas lui. (3/7 exacts, 1/7 partiels)
11:54:03  INFO     ✔️  2025-11-10 — Tom Holland : ❌ Pas lui. (1/7 exacts, 1/7 partiels)
11:54:07  INFO     ▶️  2025-11-10 — Tobey Maguire…
11:54:10  INFO     ✔️  2025-11-10 — Andrew Garfield : ❌ Pas lui. (1/7 exacts, 1/7 partiels)
11:54:10  INFO     ▶️  2025-11-11 — Tom Holland…
11:54:18  INFO     ▶️  2025-11-11 — Andrew Garfield…
11:54:23  INFO     ✔️  2025-11-10 — Tobey Maguire : ❌ Pas lui. (1/7 exacts, 1/7 partiels)
11:54:26  INFO     ✔️  2025-11-11 — Tom Holland : ❌ Pas lui. (4/7 exacts, 2/7 partiels)
11:54:28  INFO     ▶️  2025-11-11 — Tobey Maguire…
11:54:35  INFO     ✔️  2025-11-11 — Andrew Garfield : ❌ Pas lui. (3/7 exacts, 2/7 partiels)
11:54:36  INFO     ▶️  2025-11-12 — Tom Holland…
11:54:41  INFO     ▶️  2025-11-12 — Andrew Garfield…
11:54:45  INFO     ✔️  2025-11-11 — Tobey Maguire : ❌ Pas lui. (3/7 exacts, 2/7 partiels)
11:54:52  INFO     ✔️  2025-11-12 — Tom Holland : ❌ Pas lui. (5/7 exacts, 1/7 partiels)
11:54:53  INFO     ▶️  2025-11-12 — Tobey Maguire…
11:54:57  INFO     ✔️  2025-11-12 — Andrew Garfield : ❌ Pas lui. (5/7 exacts, 1/7 partiels)
11:54:58  INFO     ▶️  2025-11-13 — Tom Holland…
11:55:02  INFO     ▶️  2025-11-13 — Andrew Garfield…
11:55:09  INFO     ✔️  2025-11-12 — Tobey Maguire : ❌ Pas lui. (5/7 exacts, 1/7 partiels)
11:55:14  INFO     ✔️  2025-11-13 — Tom Holland : ❌ Pas lui. (3/7 exacts, 1/7 partiels)
11:55:17  INFO     ▶️  2025-11-13 — Tobey Maguire…
11:55:19  INFO     ✔️  2025-11-13 — Andrew Garfield : ❌ Pas lui. (4/7 exacts, 1/7 partiels)
11:55:24  INFO     ▶️  2025-11-14 — Tom Holland…
11:55:26  INFO     ▶️  2025-11-14 — Andrew Garfield…
11:55:33  INFO     ✔️  2025-11-13 — Tobey Maguire : ❌ Pas lui. (4/7 exacts, 1/7 partiels)
11:55:39  INFO     ▶️  2025-11-14 — Tobey Maguire…
11:55:41  INFO     ✔️  2025-11-14 — Tom Holland : ❌ Pas lui. (4/7 exacts, 1/7 partiels)
11:55:42  INFO     ✔️  2025-11-14 — Andrew Garfield : ❌ Pas lui. (4/7 exacts, 1/7 partiels)
11:55:48  INFO     ▶️  2025-11-15 — Tom Holland…
11:55:52  INFO     ▶️  2025-11-15 — Andrew Garfield…
11:55:56  INFO     ✔️  2025-11-14 — Tobey Maguire : ❌ Pas lui. (4/7 exacts, 1/7 partiels)
11:56:01  INFO     ▶️  2025-11-15 — Tobey Maguire…
11:56:04  INFO     ✔️  2025-11-15 — Tom Holland : ❌ Pas lui. (3/7 exacts, 2/7 partiels)
11:56:08  INFO     ✔️  2025-11-15 — Andrew Garfield : ❌ Pas lui. (4/7 exacts, 2/7 partiels)
11:56:11  INFO     ▶️  2025-11-16 — Tom Holland…
11:56:17  INFO     ▶️  2025-11-16 — Andrew Garfield…
11:56:18  INFO     ✔️  2025-11-15 — Tobey Maguire : ❌ Pas lui. (4/7 exacts, 2/7 partiels)
11:56:23  INFO     ▶️  2025-11-16 — Tobey Maguire…
11:56:27  INFO     ✔️  2025-11-16 — Tom Holland : ❌ Pas lui. (2/7 exacts, 1/7 partiels)
11:56:33  INFO     ✔️  2025-11-16 — Andrew Garfield : ❌ Pas lui. (2/7 exacts, 1/7 partiels)
11:56:34  INFO     ▶️  2025-11-17 — Tom Holland…
11:56:40  INFO     ✔️  2025-11-16 — Tobey Maguire : ❌ Pas lui. (2/7 exacts, 1/7 partiels)
11:56:41  INFO     ▶️  2025-11-17 — Andrew Garfield…
11:56:48  INFO     ▶️  2025-11-17 — Tobey Maguire…
11:56:51  INFO     ✔️  2025-11-17 — Tom Holland : ❌ Pas lui. (1/7 exacts, 1/7 partiels)
11:56:57  INFO     ▶️  2025-11-18 — Tom Holland…
11:56:57  INFO     ✔️  2025-11-17 — Andrew Garfield : ❌ Pas lui. (1/7 exacts, 1/7 partiels)
11:57:04  INFO     ✔️  2025-11-17 — Tobey Maguire : ❌ Pas lui. (1/7 exacts, 1/7 partiels)
11:57:05  INFO     ▶️  2025-11-18 — Andrew Garfield…
11:57:09  INFO     ▶️  2025-11-18 — Tobey Maguire…
11:57:13  INFO     ✔️  2025-11-18 — Tom Holland : ❌ Pas lui. (4/7 exacts, 2/7 partiels)
11:57:22  INFO     ✔️  2025-11-18 — Andrew Garfield : ❌ Pas lui. (4/7 exacts, 1/7 partiels)
11:57:22  INFO     ▶️  2025-11-19 — Tom Holland…
11:57:25  INFO     ✔️  2025-11-18 — Tobey Maguire : ❌ Pas lui. (4/7 exacts, 1/7 partiels)
11:57:30  INFO     ▶️  2025-11-19 — Andrew Garfield…
11:57:33  INFO     ▶️  2025-11-19 — Tobey Maguire…
11:57:38  INFO     ✔️  2025-11-19 — Tom Holland : ❌ Pas lui. (1/7 exacts, 1/7 partiels)
11:57:46  INFO     ▶️  2025-11-20 — Tom Holland…
11:57:47  INFO     ✔️  2025-11-19 — Andrew Garfield : ❌ Pas lui. (2/7 exacts, 1/7 partiels)
11:57:50  INFO     ✔️  2025-11-19 — Tobey Maguire : ❌ Pas lui. (2/7 exacts, 1/7 partiels)
11:57:56  INFO     ▶️  2025-11-20 — Andrew Garfield…
11:57:59  INFO     ▶️  2025-11-20 — Tobey Maguire…
11:58:02  INFO     ✔️  2025-11-20 — Tom Holland : ❌ Pas lui. (0/7 exacts, 2/7 partiels)
11:58:08  INFO     ▶️  2025-11-21 — Tom Holland…
11:58:13  INFO     ✔️  2025-11-20 — Andrew Garfield : ❌ Pas lui. (1/7 exacts, 2/7 partiels)
11:58:15  INFO     ✔️  2025-11-20 — Tobey Maguire : ❌ Pas lui. (1/7 exacts, 2/7 partiels)
11:58:21  INFO     ▶️  2025-11-21 — Andrew Garfield…
11:58:22  INFO     ▶️  2025-11-21 — Tobey Maguire…
11:58:24  INFO     ✔️  2025-11-21 — Tom Holland : ❌ Pas lui. (3/7 exacts, 1/7 partiels)
11:58:34  INFO     ▶️  2025-11-22 — Tom Holland…
11:58:38  INFO     ✔️  2025-11-21 — Andrew Garfield : ❌ Pas lui. (3/7 exacts, 1/7 partiels)
11:58:39  INFO     ✔️  2025-11-21 — Tobey Maguire : ❌ Pas lui. (3/7 exacts, 1/7 partiels)
11:58:45  INFO     ▶️  2025-11-22 — Andrew Garfield…
11:58:47  INFO     ▶️  2025-11-22 — Tobey Maguire…
11:58:50  INFO     ✔️  2025-11-22 — Tom Holland : ❌ Pas lui. (2/7 exacts, 2/7 partiels)
11:58:54  INFO     ▶️  2025-11-23 — Tom Holland…
11:59:02  INFO     ✔️  2025-11-22 — Andrew Garfield : ❌ Pas lui. (2/7 exacts, 2/7 partiels)
11:59:04  INFO     ✔️  2025-11-22 — Tobey Maguire : ❌ Pas lui. (2/7 exacts, 2/7 partiels)
11:59:08  INFO     ▶️  2025-11-23 — Andrew Garfield…
11:59:09  INFO     ▶️  2025-11-23 — Tobey Maguire…
11:59:11  INFO     ✔️  2025-11-23 — Tom Holland : ❌ Pas lui. (3/7 exacts, 1/7 partiels)
11:59:20  INFO     ▶️  2025-11-24 — Tom Holland…
11:59:25  INFO     ✔️  2025-11-23 — Andrew Garfield : ❌ Pas lui. (3/7 exacts, 1/7 partiels)
11:59:26  INFO     ✔️  2025-11-23 — Tobey Maguire : ❌ Pas lui. (3/7 exacts, 1/7 partiels)
11:59:30  INFO     ▶️  2025-11-24 — Andrew Garfield…
11:59:31  INFO     ▶️  2025-11-24 — Tobey Maguire…
11:59:36  INFO     ✔️  2025-11-24 — Tom Holland : ❌ Pas lui. (2/7 exacts, 2/7 partiels)
11:59:45  INFO     ▶️  2025-11-25 — Tom Holland…
11:59:47  INFO     ✔️  2025-11-24 — Andrew Garfield : ❌ Pas lui. (3/7 exacts, 2/7 partiels)
11:59:47  INFO     ✔️  2025-11-24 — Tobey Maguire : ❌ Pas lui. (3/7 exacts, 2/7 partiels)
11:59:51  INFO     ▶️  2025-11-25 — Andrew Garfield…
11:59:51  INFO     ▶️  2025-11-25 — Tobey Maguire…
12:00:01  INFO     ✔️  2025-11-25 — Tom Holland : ❌ Pas lui. (3/7 exacts, 1/7 partiels)
12:00:06  INFO     ▶️  2025-11-26 — Tom Holland…
12:00:07  INFO     ✔️  2025-11-25 — Andrew Garfield : ❌ Pas lui. (3/7 exacts, 1/7 partiels)
12:00:08  INFO     ✔️  2025-11-25 — Tobey Maguire : ❌ Pas lui. (3/7 exacts, 1/7 partiels)
12:00:13  INFO     ▶️  2025-11-26 — Andrew Garfield…
12:00:15  INFO     ▶️  2025-11-26 — Tobey Maguire…
12:00:22  INFO     ✔️  2025-11-26 — Tom Holland : ❌ Pas lui. (3/7 exacts, 2/7 partiels)
12:00:30  INFO     ✔️  2025-11-26 — Andrew Garfield : ❌ Pas lui. (3/7 exacts, 1/7 partiels)
12:00:31  INFO     ▶️  2025-11-27 — Tom Holland…
12:00:31  INFO     ✔️  2025-11-26 — Tobey Maguire : ❌ Pas lui. (3/7 exacts, 1/7 partiels)
12:00:36  INFO     ▶️  2025-11-27 — Andrew Garfield…
12:00:40  INFO     ▶️  2025-11-27 — Tobey Maguire…
12:00:47  INFO     ✔️  2025-11-27 — Tom Holland : ❌ Pas lui. (2/7 exacts, 1/7 partiels)
12:00:52  INFO     ✔️  2025-11-27 — Andrew Garfield : ❌ Pas lui. (3/7 exacts, 1/7 partiels)
12:00:53  INFO     ▶️  2025-11-28 — Tom Holland…
12:00:56  INFO     ✔️  2025-11-27 — Tobey Maguire : ❌ Pas lui. (3/7 exacts, 1/7 partiels)
12:00:59  INFO     ▶️  2025-11-28 — Andrew Garfield…
12:01:06  INFO     ▶️  2025-11-28 — Tobey Maguire…
12:01:09  INFO     ✔️  2025-11-28 — Tom Holland : ❌ Pas lui. (5/7 exacts, 1/7 partiels)
12:01:15  INFO     ✔️  2025-11-28 — Andrew Garfield : ❌ Pas lui. (5/7 exacts, 1/7 partiels)
12:01:18  INFO     ▶️  2025-11-29 — Tom Holland…
12:01:22  INFO     ▶️  2025-11-29 — Andrew Garfield…
12:01:27  INFO     ✔️  2025-11-28 — Tobey Maguire : ❌ Pas lui. (5/7 exacts, 1/7 partiels)
12:01:34  INFO     ✔️  2025-11-29 — Tom Holland : ❌ Pas lui. (5/7 exacts, 1/7 partiels)
12:01:36  INFO     ▶️  2025-11-29 — Tobey Maguire…
12:01:39  INFO     ✔️  2025-11-29 — Andrew Garfield : ❌ Pas lui. (5/7 exacts, 1/7 partiels)
12:01:39  INFO     ▶️  2025-11-30 — Tom Holland…
12:01:44  INFO     ▶️  2025-11-30 — Andrew Garfield…
12:01:53  INFO     ✔️  2025-11-29 — Tobey Maguire : ❌ Pas lui. (5/7 exacts, 1/7 partiels)
12:01:55  INFO     ✔️  2025-11-30 — Tom Holland : ❌ Pas lui. (3/7 exacts, 1/7 partiels)
12:02:01  INFO     ✔️  2025-11-30 — Andrew Garfield : ❌ Pas lui. (3/7 exacts, 1/7 partiels)
12:02:03  INFO     ▶️  2025-11-30 — Tobey Maguire…
12:02:05  INFO     ▶️  2025-12-01 — Tom Holland…
12:02:05  INFO     ▶️  2025-12-01 — Andrew Garfield…
12:02:20  INFO     ✔️  2025-11-30 — Tobey Maguire : ❌ Pas lui. (3/7 exacts, 1/7 partiels)
12:02:21  INFO     ✔️  2025-12-01 — Tom Holland : ❌ Pas lui. (2/7 exacts, 1/7 partiels)
12:02:22  INFO     ✔️  2025-12-01 — Andrew Garfield : ❌ Pas lui. (2/7 exacts, 1/7 partiels)
12:02:27  INFO     ▶️  2025-12-01 — Tobey Maguire…
12:02:28  INFO     ▶️  2025-12-02 — Tom Holland…
12:02:31  INFO     ▶️  2025-12-02 — Andrew Garfield…
12:02:44  INFO     ✔️  2025-12-01 — Tobey Maguire : ❌ Pas lui. (2/7 exacts, 1/7 partiels)
12:02:45  INFO     ✔️  2025-12-02 — Tom Holland : ❌ Pas lui. (4/7 exacts, 1/7 partiels)
12:02:48  INFO     ✔️  2025-12-02 — Andrew Garfield : ❌ Pas lui. (5/7 exacts, 1/7 partiels)
12:02:50  INFO     ▶️  2025-12-02 — Tobey Maguire…
12:02:53  INFO     ▶️  2025-12-03 — Tom Holland…
12:02:55  INFO     ▶️  2025-12-03 — Andrew Garfield…
12:03:07  INFO     ✔️  2025-12-02 — Tobey Maguire : ❌ Pas lui. (5/7 exacts, 1/7 partiels)
12:03:09  INFO     ✔️  2025-12-03 — Tom Holland : ❌ Pas lui. (2/7 exacts, 1/7 partiels)
12:03:12  INFO     ✔️  2025-12-03 — Andrew Garfield : ❌ Pas lui. (2/7 exacts, 1/7 partiels)
12:03:15  INFO     ▶️  2025-12-03 — Tobey Maguire…
12:03:15  INFO     ▶️  2025-12-04 — Tom Holland…
12:03:17  INFO     ▶️  2025-12-04 — Andrew Garfield…
12:03:31  INFO     ✔️  2025-12-04 — Tom Holland : ❌ Pas lui. (3/7 exacts, 3/7 partiels)
12:03:31  INFO     ✔️  2025-12-03 — Tobey Maguire : ❌ Pas lui. (2/7 exacts, 1/7 partiels)
12:03:33  INFO     ✔️  2025-12-04 — Andrew Garfield : ❌ Pas lui. (3/7 exacts, 2/7 partiels)
12:03:35  INFO     ▶️  2025-12-04 — Tobey Maguire…
12:03:38  INFO     ▶️  2025-12-05 — Tom Holland…
12:03:40  INFO     ▶️  2025-12-05 — Andrew Garfield…
12:03:52  INFO     ✔️  2025-12-04 — Tobey Maguire : ❌ Pas lui. (3/7 exacts, 2/7 partiels)
12:03:54  INFO     ✔️  2025-12-05 — Tom Holland : ❌ Pas lui. (1/7 exacts, 2/7 partiels)
12:03:56  INFO     ▶️  2025-12-05 — Tobey Maguire…
12:03:57  INFO     ✔️  2025-12-05 — Andrew Garfield : ❌ Pas lui. (1/7 exacts, 2/7 partiels)
12:04:00  INFO     ▶️  2025-12-06 — Tom Holland…
12:04:01  INFO     ▶️  2025-12-06 — Andrew Garfield…
12:04:13  INFO     ✔️  2025-12-05 — Tobey Maguire : ❌ Pas lui. (1/7 exacts, 2/7 partiels)
12:04:16  INFO     ✔️  2025-12-06 — Tom Holland : ❌ Pas lui. (1/7 exacts, 2/7 partiels)
12:04:18  INFO     ✔️  2025-12-06 — Andrew Garfield : ❌ Pas lui. (2/7 exacts, 2/7 partiels)
12:04:20  INFO     ▶️  2025-12-06 — Tobey Maguire…
12:04:24  INFO     ▶️  2025-12-07 — Tom Holland…
12:04:25  INFO     ▶️  2025-12-07 — Andrew Garfield…
12:04:36  INFO     ✔️  2025-12-06 — Tobey Maguire : ❌ Pas lui. (2/7 exacts, 2/7 partiels)
12:04:40  INFO     ✔️  2025-12-07 — Tom Holland : ❌ Pas lui. (2/7 exacts, 2/7 partiels)
12:04:41  INFO     ▶️  2025-12-07 — Tobey Maguire…
12:04:41  INFO     ✔️  2025-12-07 — Andrew Garfield : ❌ Pas lui. (2/7 exacts, 2/7 partiels)
12:04:48  INFO     ▶️  2025-12-08 — Tom Holland…
12:04:48  INFO     ▶️  2025-12-08 — Andrew Garfield…
12:04:58  INFO     ✔️  2025-12-07 — Tobey Maguire : ❌ Pas lui. (2/7 exacts, 2/7 partiels)
12:05:02  INFO     ▶️  2025-12-08 — Tobey Maguire…
12:05:04  INFO     ✔️  2025-12-08 — Tom Holland : ❌ Pas lui. (4/7 exacts, 2/7 partiels)
12:05:04  INFO     ✔️  2025-12-08 — Andrew Garfield : ❌ Pas lui. (4/7 exacts, 2/7 partiels)
12:05:13  INFO     ▶️  2025-12-09 — Tom Holland…
12:05:14  INFO     ▶️  2025-12-09 — Andrew Garfield…
12:05:19  INFO     ✔️  2025-12-08 — Tobey Maguire : ❌ Pas lui. (4/7 exacts, 2/7 partiels)
12:05:29  INFO     ▶️  2025-12-09 — Tobey Maguire…
12:05:29  INFO     ✔️  2025-12-09 — Tom Holland : ❌ Pas lui. (6/7 exacts, 0/7 partiels)
12:05:31  INFO     ✔️  2025-12-09 — Andrew Garfield : ✅ C'est lui ! (7/7 exacts, 0/7 partiels)
12:05:37  INFO     ▶️  2025-12-10 — Tom Holland…
12:05:38  INFO     ▶️  2025-12-10 — Andrew Garfield…
12:05:46  INFO     ✔️  2025-12-09 — Tobey Maguire : ❌ Pas lui. (7/7 exacts, 0/7 partiels)
12:05:54  INFO     ✔️  2025-12-10 — Tom Holland : ❌ Pas lui. (1/7 exacts, 1/7 partiels)
12:05:55  INFO     ✔️  2025-12-10 — Andrew Garfield : ❌ Pas lui. (2/7 exacts, 1/7 partiels)
12:05:55  INFO     ▶️  2025-12-10 — Tobey Maguire…
12:06:00  INFO     ▶️  2025-12-11 — Tom Holland…
12:06:04  INFO     ▶️  2025-12-11 — Andrew Garfield…
12:06:12  INFO     ✔️  2025-12-10 — Tobey Maguire : ❌ Pas lui. (2/7 exacts, 1/7 partiels)
12:06:17  INFO     ✔️  2025-12-11 — Tom Holland : ❌ Pas lui. (2/7 exacts, 2/7 partiels)
12:06:17  INFO     ▶️  2025-12-11 — Tobey Maguire…
12:06:21  INFO     ✔️  2025-12-11 — Andrew Garfield : ❌ Pas lui. (3/7 exacts, 2/7 partiels)
12:06:25  INFO     ▶️  2025-12-12 — Tom Holland…
12:06:30  INFO     ▶️  2025-12-12 — Andrew Garfield…
12:06:34  INFO     ✔️  2025-12-11 — Tobey Maguire : ❌ Pas lui. (3/7 exacts, 2/7 partiels)
12:06:41  INFO     ✔️  2025-12-12 — Tom Holland : ❌ Pas lui. (2/7 exacts, 2/7 partiels)
12:06:42  INFO     ▶️  2025-12-12 — Tobey Maguire…
12:06:47  INFO     ✔️  2025-12-12 — Andrew Garfield : ❌ Pas lui. (2/7 exacts, 2/7 partiels)
12:06:50  INFO     ▶️  2025-12-13 — Tom Holland…
12:06:57  INFO     ▶️  2025-12-13 — Andrew Garfield…
12:06:58  INFO     ✔️  2025-12-12 — Tobey Maguire : ❌ Pas lui. (2/7 exacts, 2/7 partiels)
12:07:05  INFO     ▶️  2025-12-13 — Tobey Maguire…
12:07:06  INFO     ✔️  2025-12-13 — Tom Holland : ❌ Pas lui. (2/7 exacts, 1/7 partiels)
12:07:13  INFO     ▶️  2025-12-14 — Tom Holland…
12:07:13  INFO     ✔️  2025-12-13 — Andrew Garfield : ❌ Pas lui. (3/7 exacts, 1/7 partiels)
12:07:20  INFO     ▶️  2025-12-14 — Andrew Garfield…
12:07:22  INFO     ✔️  2025-12-13 — Tobey Maguire : ❌ Pas lui. (3/7 exacts, 1/7 partiels)
12:07:29  INFO     ✔️  2025-12-14 — Tom Holland : ❌ Pas lui. (1/7 exacts, 0/7 partiels)
12:07:30  INFO     ▶️  2025-12-14 — Tobey Maguire…
12:07:34  INFO     ▶️  2025-12-15 — Tom Holland…
12:07:36  INFO     ✔️  2025-12-14 — Andrew Garfield : ❌ Pas lui. (2/7 exacts, 0/7 partiels)
12:07:45  INFO     ▶️  2025-12-15 — Andrew Garfield…
12:07:47  INFO     ✔️  2025-12-14 — Tobey Maguire : ❌ Pas lui. (2/7 exacts, 0/7 partiels)
12:07:50  INFO     ✔️  2025-12-15 — Tom Holland : ❌ Pas lui. (3/7 exacts, 1/7 partiels)
12:07:53  INFO     ▶️  2025-12-15 — Tobey Maguire…
12:07:55  INFO     ▶️  2025-12-16 — Tom Holland…
12:08:01  INFO     ✔️  2025-12-15 — Andrew Garfield : ❌ Pas lui. (4/7 exacts, 1/7 partiels)
12:08:06  INFO     ▶️  2025-12-16 — Andrew Garfield…
12:08:09  INFO     ✔️  2025-12-15 — Tobey Maguire : ❌ Pas lui. (4/7 exacts, 1/7 partiels)
12:08:11  INFO     ✔️  2025-12-16 — Tom Holland : ❌ Pas lui. (2/7 exacts, 1/7 partiels)
12:08:17  INFO     ▶️  2025-12-16 — Tobey Maguire…
12:08:17  INFO     ▶️  2025-12-17 — Tom Holland…
12:08:23  INFO     ✔️  2025-12-16 — Andrew Garfield : ❌ Pas lui. (2/7 exacts, 1/7 partiels)
12:08:29  INFO     ▶️  2025-12-17 — Andrew Garfield…
12:08:34  INFO     ✔️  2025-12-17 — Tom Holland : ❌ Pas lui. (1/7 exacts, 2/7 partiels)
12:08:34  INFO     ✔️  2025-12-16 — Tobey Maguire : ❌ Pas lui. (2/7 exacts, 1/7 partiels)
12:08:43  INFO     ▶️  2025-12-17 — Tobey Maguire…
12:08:43  INFO     ▶️  2025-12-18 — Tom Holland…
12:08:46  INFO     ✔️  2025-12-17 — Andrew Garfield : ❌ Pas lui. (1/7 exacts, 2/7 partiels)
12:08:55  INFO     ▶️  2025-12-18 — Andrew Garfield…
12:08:59  INFO     ✔️  2025-12-18 — Tom Holland : ❌ Pas lui. (2/7 exacts, 3/7 partiels)
12:09:00  INFO     ✔️  2025-12-17 — Tobey Maguire : ❌ Pas lui. (1/7 exacts, 2/7 partiels)
12:09:05  INFO     ▶️  2025-12-18 — Tobey Maguire…
12:09:09  INFO     ▶️  2025-12-19 — Tom Holland…
12:09:12  INFO     ✔️  2025-12-18 — Andrew Garfield : ❌ Pas lui. (2/7 exacts, 2/7 partiels)
12:09:19  INFO     ▶️  2025-12-19 — Andrew Garfield…
12:09:21  INFO     ✔️  2025-12-18 — Tobey Maguire : ❌ Pas lui. (2/7 exacts, 2/7 partiels)
12:09:25  INFO     ✔️  2025-12-19 — Tom Holland : ❌ Pas lui. (2/7 exacts, 1/7 partiels)
12:09:27  INFO     ▶️  2025-12-19 — Tobey Maguire…
12:09:34  INFO     ▶️  2025-12-20 — Tom Holland…
12:09:36  INFO     ✔️  2025-12-19 — Andrew Garfield : ❌ Pas lui. (2/7 exacts, 1/7 partiels)
12:09:41  INFO     ▶️  2025-12-20 — Andrew Garfield…
12:09:44  INFO     ✔️  2025-12-19 — Tobey Maguire : ❌ Pas lui. (2/7 exacts, 1/7 partiels)
12:09:50  INFO     ✔️  2025-12-20 — Tom Holland : ❌ Pas lui. (0/7 exacts, 0/7 partiels)
12:09:53  INFO     ▶️  2025-12-20 — Tobey Maguire…
12:09:57  INFO     ✔️  2025-12-20 — Andrew Garfield : ❌ Pas lui. (0/7 exacts, 0/7 partiels)
12:10:00  INFO     ▶️  2025-12-21 — Tom Holland…
12:10:02  INFO     ▶️  2025-12-21 — Andrew Garfield…
12:10:09  INFO     ✔️  2025-12-20 — Tobey Maguire : ❌ Pas lui. (0/7 exacts, 0/7 partiels)
12:10:15  INFO     ▶️  2025-12-21 — Tobey Maguire…
12:10:16  INFO     ✔️  2025-12-21 — Tom Holland : ❌ Pas lui. (2/7 exacts, 1/7 partiels)
12:10:19  INFO     ✔️  2025-12-21 — Andrew Garfield : ❌ Pas lui. (2/7 exacts, 1/7 partiels)
12:10:22  INFO     ▶️  2025-12-22 — Tom Holland…
12:10:28  INFO     ▶️  2025-12-22 — Andrew Garfield…
12:10:32  INFO     ✔️  2025-12-21 — Tobey Maguire : ❌ Pas lui. (2/7 exacts, 1/7 partiels)
12:10:36  INFO     ▶️  2025-12-22 — Tobey Maguire…
12:10:38  INFO     ✔️  2025-12-22 — Tom Holland : ❌ Pas lui. (1/7 exacts, 1/7 partiels)
12:10:43  INFO     ▶️  2025-12-23 — Tom Holland…
12:10:45  INFO     ✔️  2025-12-22 — Andrew Garfield : ❌ Pas lui. (1/7 exacts, 1/7 partiels)
12:10:53  INFO     ✔️  2025-12-22 — Tobey Maguire : ❌ Pas lui. (1/7 exacts, 1/7 partiels)
12:10:55  INFO     ▶️  2025-12-23 — Andrew Garfield…
12:10:57  INFO     ▶️  2025-12-23 — Tobey Maguire…
12:11:00  INFO     ✔️  2025-12-23 — Tom Holland : ❌ Pas lui. (1/7 exacts, 1/7 partiels)
12:11:09  INFO     ▶️  2025-12-24 — Tom Holland…
12:11:15  INFO     ✔️  2025-12-23 — Andrew Garfield : ❌ Pas lui. (1/7 exacts, 1/7 partiels)
12:11:17  INFO     ✔️  2025-12-23 — Tobey Maguire : ❌ Pas lui. (1/7 exacts, 1/7 partiels)
12:11:24  INFO     ▶️  2025-12-24 — Andrew Garfield…
12:11:26  INFO     ✔️  2025-12-24 — Tom Holland : ❌ Pas lui. (1/7 exacts, 2/7 partiels)
12:11:27  INFO     ▶️  2025-12-24 — Tobey Maguire…
12:11:34  INFO     ▶️  2025-12-25 — Tom Holland…
12:11:41  INFO     ✔️  2025-12-24 — Andrew Garfield : ❌ Pas lui. (1/7 exacts, 2/7 partiels)
12:11:43  INFO     ✔️  2025-12-24 — Tobey Maguire : ❌ Pas lui. (1/7 exacts, 2/7 partiels)
12:11:50  INFO     ▶️  2025-12-25 — Andrew Garfield…
12:11:50  INFO     ▶️  2025-12-25 — Tobey Maguire…
12:11:51  INFO     ✔️  2025-12-25 — Tom Holland : ❌ Pas lui. (2/7 exacts, 0/7 partiels)
12:11:55  INFO     ▶️  2025-12-26 — Tom Holland…
12:12:06  INFO     ✔️  2025-12-25 — Andrew Garfield : ❌ Pas lui. (3/7 exacts, 0/7 partiels)
12:12:07  INFO     ✔️  2025-12-25 — Tobey Maguire : ❌ Pas lui. (3/7 exacts, 0/7 partiels)
12:12:11  INFO     ▶️  2025-12-26 — Andrew Garfield…
12:12:12  INFO     ✔️  2025-12-26 — Tom Holland : ❌ Pas lui. (2/7 exacts, 1/7 partiels)
12:12:12  INFO     ▶️  2025-12-26 — Tobey Maguire…
12:12:19  INFO     ▶️  2025-12-27 — Tom Holland…
12:12:28  INFO     ✔️  2025-12-26 — Andrew Garfield : ❌ Pas lui. (2/7 exacts, 1/7 partiels)
12:12:28  INFO     ✔️  2025-12-26 — Tobey Maguire : ❌ Pas lui. (2/7 exacts, 1/7 partiels)
12:12:34  INFO     ▶️  2025-12-27 — Andrew Garfield…
12:12:35  INFO     ✔️  2025-12-27 — Tom Holland : ❌ Pas lui. (3/7 exacts, 1/7 partiels)
12:12:37  INFO     ▶️  2025-12-27 — Tobey Maguire…
12:12:43  INFO     ▶️  2025-12-28 — Tom Holland…
12:12:51  INFO     ✔️  2025-12-27 — Andrew Garfield : ❌ Pas lui. (3/7 exacts, 1/7 partiels)
12:12:54  INFO     ✔️  2025-12-27 — Tobey Maguire : ❌ Pas lui. (3/7 exacts, 1/7 partiels)
12:12:59  INFO     ✔️  2025-12-28 — Tom Holland : ❌ Pas lui. (3/7 exacts, 1/7 partiels)
12:13:00  INFO     ▶️  2025-12-28 — Andrew Garfield…
12:13:01  INFO     ▶️  2025-12-28 — Tobey Maguire…
12:13:09  INFO     ▶️  2025-12-29 — Tom Holland…
12:13:17  INFO     ✔️  2025-12-28 — Andrew Garfield : ❌ Pas lui. (3/7 exacts, 1/7 partiels)
12:13:18  INFO     ✔️  2025-12-28 — Tobey Maguire : ❌ Pas lui. (3/7 exacts, 1/7 partiels)
12:13:22  INFO     ▶️  2025-12-29 — Andrew Garfield…
12:13:25  INFO     ✔️  2025-12-29 — Tom Holland : ❌ Pas lui. (2/7 exacts, 1/7 partiels)
12:13:27  INFO     ▶️  2025-12-29 — Tobey Maguire…
12:13:31  INFO     ▶️  2025-12-30 — Tom Holland…
12:13:39  INFO     ✔️  2025-12-29 — Andrew Garfield : ❌ Pas lui. (2/7 exacts, 1/7 partiels)
12:13:44  INFO     ✔️  2025-12-29 — Tobey Maguire : ❌ Pas lui. (2/7 exacts, 1/7 partiels)
12:13:46  INFO     ▶️  2025-12-30 — Andrew Garfield…
12:13:48  INFO     ✔️  2025-12-30 — Tom Holland : ❌ Pas lui. (4/7 exacts, 2/7 partiels)
12:13:53  INFO     ▶️  2025-12-30 — Tobey Maguire…
12:13:57  INFO     ▶️  2025-12-31 — Tom Holland…
12:14:03  INFO     ✔️  2025-12-30 — Andrew Garfield : ❌ Pas lui. (4/7 exacts, 2/7 partiels)
12:14:09  INFO     ▶️  2025-12-31 — Andrew Garfield…
12:14:09  INFO     ✔️  2025-12-30 — Tobey Maguire : ❌ Pas lui. (4/7 exacts, 2/7 partiels)
12:14:13  INFO     ✔️  2025-12-31 — Tom Holland : ❌ Pas lui. (2/7 exacts, 1/7 partiels)
12:14:17  INFO     ▶️  2025-12-31 — Tobey Maguire…
12:14:22  INFO     ▶️  2026-01-01 — Tom Holland…
12:14:26  INFO     ✔️  2025-12-31 — Andrew Garfield : ❌ Pas lui. (2/7 exacts, 1/7 partiels)
12:14:33  INFO     ✔️  2025-12-31 — Tobey Maguire : ❌ Pas lui. (2/7 exacts, 1/7 partiels)
12:14:35  INFO     ▶️  2026-01-01 — Andrew Garfield…
12:14:38  INFO     ▶️  2026-01-01 — Tobey Maguire…
12:14:38  INFO     ✔️  2026-01-01 — Tom Holland : ❌ Pas lui. (2/7 exacts, 1/7 partiels)
12:14:44  INFO     ▶️  2026-01-02 — Tom Holland…
12:14:51  INFO     ✔️  2026-01-01 — Andrew Garfield : ❌ Pas lui. (2/7 exacts, 1/7 partiels)
12:14:54  INFO     ✔️  2026-01-01 — Tobey Maguire : ❌ Pas lui. (2/7 exacts, 1/7 partiels)
12:14:56  INFO     ▶️  2026-01-02 — Andrew Garfield…
12:15:01  INFO     ✔️  2026-01-02 — Tom Holland : ❌ Pas lui. (2/7 exacts, 1/7 partiels)
12:15:02  INFO     ▶️  2026-01-02 — Tobey Maguire…
12:15:06  INFO     ▶️  2026-01-03 — Tom Holland…
12:15:12  INFO     ✔️  2026-01-02 — Andrew Garfield : ❌ Pas lui. (2/7 exacts, 1/7 partiels)
12:15:17  INFO     ▶️  2026-01-03 — Andrew Garfield…
12:15:18  INFO     ✔️  2026-01-02 — Tobey Maguire : ❌ Pas lui. (2/7 exacts, 1/7 partiels)
12:15:22  INFO     ✔️  2026-01-03 — Tom Holland : ❌ Pas lui. (4/7 exacts, 1/7 partiels)
12:15:23  INFO     ▶️  2026-01-03 — Tobey Maguire…
12:15:31  INFO     ▶️  2026-01-04 — Tom Holland…
12:15:34  INFO     ✔️  2026-01-03 — Andrew Garfield : ❌ Pas lui. (4/7 exacts, 1/7 partiels)
12:15:39  INFO     ✔️  2026-01-03 — Tobey Maguire : ❌ Pas lui. (4/7 exacts, 1/7 partiels)
12:15:40  INFO     ▶️  2026-01-04 — Andrew Garfield…
12:15:47  INFO     ✔️  2026-01-04 — Tom Holland : ❌ Pas lui. (2/7 exacts, 1/7 partiels)
12:15:47  INFO     ▶️  2026-01-04 — Tobey Maguire…
12:15:56  INFO     ▶️  2026-01-05 — Tom Holland…
12:15:56  INFO     ✔️  2026-01-04 — Andrew Garfield : ❌ Pas lui. (3/7 exacts, 1/7 partiels)
12:16:02  INFO     ▶️  2026-01-05 — Andrew Garfield…
12:16:04  INFO     ✔️  2026-01-04 — Tobey Maguire : ❌ Pas lui. (3/7 exacts, 1/7 partiels)
12:16:10  INFO     ▶️  2026-01-05 — Tobey Maguire…
12:16:12  INFO     ✔️  2026-01-05 — Tom Holland : ❌ Pas lui. (3/7 exacts, 1/7 partiels)
12:16:19  INFO     ✔️  2026-01-05 — Andrew Garfield : ❌ Pas lui. (3/7 exacts, 1/7 partiels)
12:16:20  INFO     ▶️  2026-01-06 — Tom Holland…
12:16:27  INFO     ✔️  2026-01-05 — Tobey Maguire : ❌ Pas lui. (3/7 exacts, 1/7 partiels)
12:16:28  INFO     ▶️  2026-01-06 — Andrew Garfield…
12:16:32  INFO     ▶️  2026-01-06 — Tobey Maguire…
12:16:37  INFO     ✔️  2026-01-06 — Tom Holland : ❌ Pas lui. (2/7 exacts, 2/7 partiels)
12:16:41  INFO     ▶️  2026-01-07 — Tom Holland…
12:16:45  INFO     ✔️  2026-01-06 — Andrew Garfield : ❌ Pas lui. (2/7 exacts, 2/7 partiels)
12:16:49  INFO     ✔️  2026-01-06 — Tobey Maguire : ❌ Pas lui. (2/7 exacts, 2/7 partiels)
12:16:50  INFO     ▶️  2026-01-07 — Andrew Garfield…
12:16:55  INFO     ▶️  2026-01-07 — Tobey Maguire…
12:16:57  INFO     ✔️  2026-01-07 — Tom Holland : ❌ Pas lui. (3/7 exacts, 1/7 partiels)
12:17:06  INFO     ▶️  2026-01-08 — Tom Holland…
12:17:06  INFO     ✔️  2026-01-07 — Andrew Garfield : ❌ Pas lui. (3/7 exacts, 1/7 partiels)
12:17:12  INFO     ✔️  2026-01-07 — Tobey Maguire : ❌ Pas lui. (3/7 exacts, 1/7 partiels)
12:17:16  INFO     ▶️  2026-01-08 — Andrew Garfield…
12:17:19  INFO     ▶️  2026-01-08 — Tobey Maguire…
12:17:22  INFO     ✔️  2026-01-08 — Tom Holland : ❌ Pas lui. (1/7 exacts, 2/7 partiels)
12:17:29  INFO     ▶️  2026-01-09 — Tom Holland…
12:17:32  INFO     ✔️  2026-01-08 — Andrew Garfield : ❌ Pas lui. (1/7 exacts, 2/7 partiels)
12:17:36  INFO     ✔️  2026-01-08 — Tobey Maguire : ❌ Pas lui. (1/7 exacts, 2/7 partiels)
12:17:41  INFO     ▶️  2026-01-09 — Andrew Garfield…
12:17:44  INFO     ▶️  2026-01-09 — Tobey Maguire…
12:17:46  INFO     ✔️  2026-01-09 — Tom Holland : ❌ Pas lui. (5/7 exacts, 1/7 partiels)
12:17:52  INFO     ▶️  2026-01-10 — Tom Holland…
12:17:57  INFO     ✔️  2026-01-09 — Andrew Garfield : ❌ Pas lui. (5/7 exacts, 1/7 partiels)
12:18:00  INFO     ✔️  2026-01-09 — Tobey Maguire : ❌ Pas lui. (5/7 exacts, 1/7 partiels)
12:18:04  INFO     ▶️  2026-01-10 — Andrew Garfield…
12:18:08  INFO     ▶️  2026-01-10 — Tobey Maguire…
12:18:08  INFO     ✔️  2026-01-10 — Tom Holland : ❌ Pas lui. (4/7 exacts, 1/7 partiels)
12:18:15  INFO     ▶️  2026-01-11 — Tom Holland…
12:18:20  INFO     ✔️  2026-01-10 — Andrew Garfield : ❌ Pas lui. (4/7 exacts, 1/7 partiels)
12:18:24  INFO     ✔️  2026-01-10 — Tobey Maguire : ❌ Pas lui. (4/7 exacts, 1/7 partiels)
12:18:25  INFO     ▶️  2026-01-11 — Andrew Garfield…
12:18:31  INFO     ✔️  2026-01-11 — Tom Holland : ❌ Pas lui. (2/7 exacts, 1/7 partiels)
12:18:32  INFO     ▶️  2026-01-11 — Tobey Maguire…
12:18:36  INFO     ▶️  2026-01-12 — Tom Holland…
12:18:42  INFO     ✔️  2026-01-11 — Andrew Garfield : ❌ Pas lui. (2/7 exacts, 1/7 partiels)
12:18:48  INFO     ✔️  2026-01-11 — Tobey Maguire : ❌ Pas lui. (2/7 exacts, 1/7 partiels)
12:18:51  INFO     ▶️  2026-01-12 — Andrew Garfield…
12:18:52  INFO     ✔️  2026-01-12 — Tom Holland : ❌ Pas lui. (3/7 exacts, 1/7 partiels)
12:18:53  INFO     ▶️  2026-01-12 — Tobey Maguire…
12:19:00  INFO     ▶️  2026-01-13 — Tom Holland…
12:19:07  INFO     ✔️  2026-01-12 — Andrew Garfield : ❌ Pas lui. (3/7 exacts, 1/7 partiels)
12:19:10  INFO     ✔️  2026-01-12 — Tobey Maguire : ❌ Pas lui. (3/7 exacts, 1/7 partiels)
12:19:12  INFO     ▶️  2026-01-13 — Andrew Garfield…
12:19:16  INFO     ✔️  2026-01-13 — Tom Holland : ❌ Pas lui. (2/7 exacts, 2/7 partiels)
12:19:20  INFO     ▶️  2026-01-13 — Tobey Maguire…
12:19:25  INFO     ▶️  2026-01-14 — Tom Holland…
12:19:29  INFO     ✔️  2026-01-13 — Andrew Garfield : ❌ Pas lui. (2/7 exacts, 2/7 partiels)
12:19:36  INFO     ✔️  2026-01-13 — Tobey Maguire : ❌ Pas lui. (2/7 exacts, 2/7 partiels)
12:19:37  INFO     ▶️  2026-01-14 — Andrew Garfield…
12:19:41  INFO     ✔️  2026-01-14 — Tom Holland : ❌ Pas lui. (3/7 exacts, 2/7 partiels)
12:19:44  INFO     ▶️  2026-01-14 — Tobey Maguire…
12:19:49  INFO     ▶️  2026-01-15 — Tom Holland…
12:19:53  INFO     ✔️  2026-01-14 — Andrew Garfield : ❌ Pas lui. (3/7 exacts, 2/7 partiels)
12:20:00  INFO     ▶️  2026-01-15 — Andrew Garfield…
12:20:01  INFO     ✔️  2026-01-14 — Tobey Maguire : ❌ Pas lui. (3/7 exacts, 2/7 partiels)
12:20:05  INFO     ✔️  2026-01-15 — Tom Holland : ❌ Pas lui. (3/7 exacts, 1/7 partiels)
12:20:10  INFO     ▶️  2026-01-15 — Tobey Maguire…
12:20:10  INFO     ▶️  2026-01-16 — Tom Holland…
12:20:17  INFO     ✔️  2026-01-15 — Andrew Garfield : ❌ Pas lui. (3/7 exacts, 1/7 partiels)
12:20:26  INFO     ✔️  2026-01-16 — Tom Holland : ❌ Pas lui. (2/7 exacts, 1/7 partiels)
12:20:26  INFO     ✔️  2026-01-15 — Tobey Maguire : ❌ Pas lui. (3/7 exacts, 1/7 partiels)
12:20:27  INFO     ▶️  2026-01-16 — Andrew Garfield…
12:20:31  INFO     ▶️  2026-01-16 — Tobey Maguire…
12:20:36  INFO     ▶️  2026-01-17 — Tom Holland…
12:20:43  INFO     ✔️  2026-01-16 — Andrew Garfield : ❌ Pas lui. (2/7 exacts, 1/7 partiels)
12:20:48  INFO     ✔️  2026-01-16 — Tobey Maguire : ❌ Pas lui. (2/7 exacts, 1/7 partiels)
12:20:50  INFO     ▶️  2026-01-17 — Andrew Garfield…
12:20:52  INFO     ✔️  2026-01-17 — Tom Holland : ❌ Pas lui. (6/7 exacts, 0/7 partiels)
12:20:57  INFO     ▶️  2026-01-17 — Tobey Maguire…
12:21:00  INFO     ▶️  2026-01-18 — Tom Holland…
12:21:07  INFO     ✔️  2026-01-17 — Andrew Garfield : ❌ Pas lui. (5/7 exacts, 0/7 partiels)
12:21:13  INFO     ▶️  2026-01-18 — Andrew Garfield…
12:21:14  INFO     ✔️  2026-01-17 — Tobey Maguire : ❌ Pas lui. (5/7 exacts, 0/7 partiels)
12:21:16  INFO     ✔️  2026-01-18 — Tom Holland : ❌ Pas lui. (2/7 exacts, 1/7 partiels)
12:21:19  INFO     ▶️  2026-01-18 — Tobey Maguire…
12:21:22  INFO     ▶️  2026-01-19 — Tom Holland…
12:21:30  INFO     ✔️  2026-01-18 — Andrew Garfield : ❌ Pas lui. (2/7 exacts, 1/7 partiels)
12:21:35  INFO     ✔️  2026-01-18 — Tobey Maguire : ❌ Pas lui. (2/7 exacts, 1/7 partiels)
12:21:38  INFO     ✔️  2026-01-19 — Tom Holland : ❌ Pas lui. (3/7 exacts, 1/7 partiels)
12:21:39  INFO     ▶️  2026-01-19 — Andrew Garfield…
12:21:40  INFO     ▶️  2026-01-19 — Tobey Maguire…
12:21:45  INFO     ▶️  2026-01-20 — Tom Holland…
12:21:56  INFO     ✔️  2026-01-19 — Andrew Garfield : ❌ Pas lui. (3/7 exacts, 1/7 partiels)
12:21:56  INFO     ✔️  2026-01-19 — Tobey Maguire : ❌ Pas lui. (3/7 exacts, 1/7 partiels)
12:22:01  INFO     ▶️  2026-01-20 — Andrew Garfield…
12:22:01  INFO     ▶️  2026-01-20 — Tobey Maguire…
12:22:02  INFO     ✔️  2026-01-20 — Tom Holland : ❌ Pas lui. (5/7 exacts, 0/7 partiels)
12:22:08  INFO     ▶️  2026-01-21 — Tom Holland…
12:22:17  INFO     ✔️  2026-01-20 — Andrew Garfield : ❌ Pas lui. (5/7 exacts, 0/7 partiels)
12:22:18  INFO     ✔️  2026-01-20 — Tobey Maguire : ❌ Pas lui. (5/7 exacts, 0/7 partiels)
12:22:22  INFO     ▶️  2026-01-21 — Andrew Garfield…
12:22:24  INFO     ▶️  2026-01-21 — Tobey Maguire…
12:22:24  INFO     ✔️  2026-01-21 — Tom Holland : ❌ Pas lui. (2/7 exacts, 1/7 partiels)
12:22:30  INFO     ▶️  2026-01-22 — Tom Holland…
12:22:39  INFO     ✔️  2026-01-21 — Andrew Garfield : ❌ Pas lui. (3/7 exacts, 1/7 partiels)
12:22:40  INFO     ✔️  2026-01-21 — Tobey Maguire : ❌ Pas lui. (3/7 exacts, 1/7 partiels)
12:22:47  INFO     ✔️  2026-01-22 — Tom Holland : ❌ Pas lui. (2/7 exacts, 2/7 partiels)
12:22:47  INFO     ▶️  2026-01-22 — Andrew Garfield…
12:22:48  INFO     ▶️  2026-01-22 — Tobey Maguire…
12:22:52  INFO     ▶️  2026-01-23 — Tom Holland…
12:23:03  INFO     ✔️  2026-01-22 — Andrew Garfield : ❌ Pas lui. (2/7 exacts, 2/7 partiels)
12:23:04  INFO     ✔️  2026-01-22 — Tobey Maguire : ❌ Pas lui. (2/7 exacts, 2/7 partiels)
12:23:09  INFO     ✔️  2026-01-23 — Tom Holland : ❌ Pas lui. (2/7 exacts, 1/7 partiels)
12:23:10  INFO     ▶️  2026-01-23 — Andrew Garfield…
12:23:11  INFO     ▶️  2026-01-23 — Tobey Maguire…
12:23:18  INFO     ▶️  2026-01-24 — Tom Holland…
12:23:27  INFO     ✔️  2026-01-23 — Andrew Garfield : ❌ Pas lui. (3/7 exacts, 1/7 partiels)
12:23:28  INFO     ✔️  2026-01-23 — Tobey Maguire : ❌ Pas lui. (3/7 exacts, 1/7 partiels)
12:23:31  INFO     ▶️  2026-01-24 — Andrew Garfield…
12:23:34  INFO     ✔️  2026-01-24 — Tom Holland : ❌ Pas lui. (4/7 exacts, 3/7 partiels)
12:23:37  INFO     ▶️  2026-01-24 — Tobey Maguire…
12:23:44  INFO     ▶️  2026-01-25 — Tom Holland…
12:23:48  INFO     ✔️  2026-01-24 — Andrew Garfield : ❌ Pas lui. (4/7 exacts, 2/7 partiels)
12:23:52  INFO     ▶️  2026-01-25 — Andrew Garfield…
12:23:54  INFO     ✔️  2026-01-24 — Tobey Maguire : ❌ Pas lui. (4/7 exacts, 2/7 partiels)
12:23:59  INFO     ▶️  2026-01-25 — Tobey Maguire…
12:24:00  INFO     ✔️  2026-01-25 — Tom Holland : ❌ Pas lui. (1/7 exacts, 2/7 partiels)
12:24:05  INFO     ▶️  2026-01-26 — Tom Holland…
12:24:09  INFO     ✔️  2026-01-25 — Andrew Garfield : ❌ Pas lui. (1/7 exacts, 2/7 partiels)
12:24:15  INFO     ✔️  2026-01-25 — Tobey Maguire : ❌ Pas lui. (1/7 exacts, 2/7 partiels)
12:24:18  INFO     ▶️  2026-01-26 — Andrew Garfield…
12:24:21  INFO     ✔️  2026-01-26 — Tom Holland : ❌ Pas lui. (2/7 exacts, 1/7 partiels)
12:24:23  INFO     ▶️  2026-01-26 — Tobey Maguire…
12:24:29  INFO     ▶️  2026-01-27 — Tom Holland…
12:24:35  INFO     ✔️  2026-01-26 — Andrew Garfield : ❌ Pas lui. (2/7 exacts, 1/7 partiels)
12:24:40  INFO     ✔️  2026-01-26 — Tobey Maguire : ❌ Pas lui. (2/7 exacts, 1/7 partiels)
12:24:43  INFO     ▶️  2026-01-27 — Andrew Garfield…
12:24:44  INFO     ▶️  2026-01-27 — Tobey Maguire…
12:24:45  INFO     ✔️  2026-01-27 — Tom Holland : ❌ Pas lui. (1/7 exacts, 1/7 partiels)
12:24:51  INFO     ▶️  2026-01-28 — Tom Holland…
12:24:59  INFO     ✔️  2026-01-27 — Andrew Garfield : ❌ Pas lui. (2/7 exacts, 1/7 partiels)
12:25:01  INFO     ✔️  2026-01-27 — Tobey Maguire : ❌ Pas lui. (2/7 exacts, 1/7 partiels)
12:25:05  INFO     ▶️  2026-01-28 — Andrew Garfield…
12:25:07  INFO     ✔️  2026-01-28 — Tom Holland : ❌ Pas lui. (2/7 exacts, 1/7 partiels)
12:25:09  INFO     ▶️  2026-01-28 — Tobey Maguire…
12:25:13  INFO     ▶️  2026-01-29 — Tom Holland…
12:25:21  INFO     ✔️  2026-01-28 — Andrew Garfield : ❌ Pas lui. (3/7 exacts, 1/7 partiels)
12:25:26  INFO     ✔️  2026-01-28 — Tobey Maguire : ❌ Pas lui. (3/7 exacts, 1/7 partiels)
12:25:29  INFO     ▶️  2026-01-29 — Andrew Garfield…
12:25:30  INFO     ✔️  2026-01-29 — Tom Holland : ❌ Pas lui. (1/7 exacts, 1/7 partiels)
12:25:31  INFO     ▶️  2026-01-29 — Tobey Maguire…
12:25:38  INFO     ▶️  2026-01-30 — Tom Holland…
12:25:45  INFO     ✔️  2026-01-29 — Andrew Garfield : ❌ Pas lui. (2/7 exacts, 1/7 partiels)
12:25:48  INFO     ✔️  2026-01-29 — Tobey Maguire : ❌ Pas lui. (2/7 exacts, 1/7 partiels)
12:25:51  INFO     ▶️  2026-01-30 — Andrew Garfield…
12:25:54  INFO     ✔️  2026-01-30 — Tom Holland : ❌ Pas lui. (3/7 exacts, 1/7 partiels)
12:25:57  INFO     ▶️  2026-01-30 — Tobey Maguire…
12:26:00  INFO     ▶️  2026-01-31 — Tom Holland…
12:26:07  INFO     ✔️  2026-01-30 — Andrew Garfield : ❌ Pas lui. (3/7 exacts, 1/7 partiels)
12:26:13  INFO     ▶️  2026-01-31 — Andrew Garfield…
12:26:14  INFO     ✔️  2026-01-30 — Tobey Maguire : ❌ Pas lui. (3/7 exacts, 1/7 partiels)
12:26:16  INFO     ✔️  2026-01-31 — Tom Holland : ❌ Pas lui. (3/7 exacts, 1/7 partiels)
12:26:21  INFO     ▶️  2026-01-31 — Tobey Maguire…
12:26:22  INFO     ▶️  2026-02-01 — Tom Holland…
12:26:30  INFO     ✔️  2026-01-31 — Andrew Garfield : ❌ Pas lui. (4/7 exacts, 1/7 partiels)
12:26:36  INFO     ▶️  2026-02-01 — Andrew Garfield…
12:26:38  INFO     ✔️  2026-01-31 — Tobey Maguire : ❌ Pas lui. (4/7 exacts, 1/7 partiels)
12:26:39  INFO     ✔️  2026-02-01 — Tom Holland : ❌ Pas lui. (2/7 exacts, 1/7 partiels)
12:26:42  INFO     ▶️  2026-02-01 — Tobey Maguire…
12:26:47  INFO     ▶️  2026-02-02 — Tom Holland…
12:26:53  INFO     ✔️  2026-02-01 — Andrew Garfield : ❌ Pas lui. (2/7 exacts, 1/7 partiels)
12:26:59  INFO     ✔️  2026-02-01 — Tobey Maguire : ❌ Pas lui. (2/7 exacts, 1/7 partiels)
12:27:02  INFO     ▶️  2026-02-02 — Andrew Garfield…
12:27:03  INFO     ✔️  2026-02-02 — Tom Holland : ❌ Pas lui. (1/7 exacts, 1/7 partiels)
12:27:07  INFO     ▶️  2026-02-02 — Tobey Maguire…
12:27:11  INFO     ▶️  2026-02-03 — Tom Holland…
12:27:18  INFO     ✔️  2026-02-02 — Andrew Garfield : ❌ Pas lui. (1/7 exacts, 1/7 partiels)
12:27:23  INFO     ▶️  2026-02-03 — Andrew Garfield…
12:27:24  INFO     ✔️  2026-02-02 — Tobey Maguire : ❌ Pas lui. (1/7 exacts, 1/7 partiels)
12:27:27  INFO     ✔️  2026-02-03 — Tom Holland : ❌ Pas lui. (4/7 exacts, 1/7 partiels)
12:27:31  INFO     ▶️  2026-02-03 — Tobey Maguire…
12:27:35  INFO     ▶️  2026-02-04 — Tom Holland…
12:27:40  INFO     ✔️  2026-02-03 — Andrew Garfield : ❌ Pas lui. (4/7 exacts, 1/7 partiels)
12:27:47  INFO     ✔️  2026-02-03 — Tobey Maguire : ❌ Pas lui. (4/7 exacts, 1/7 partiels)
12:27:48  INFO     ▶️  2026-02-04 — Andrew Garfield…
12:27:51  INFO     ✔️  2026-02-04 — Tom Holland : ❌ Pas lui. (1/7 exacts, 2/7 partiels)
12:27:54  INFO     ▶️  2026-02-04 — Tobey Maguire…
12:28:00  INFO     ▶️  2026-02-05 — Tom Holland…
12:28:04  INFO     ✔️  2026-02-04 — Andrew Garfield : ❌ Pas lui. (1/7 exacts, 2/7 partiels)
12:28:10  INFO     ✔️  2026-02-04 — Tobey Maguire : ❌ Pas lui. (1/7 exacts, 2/7 partiels)
12:28:12  INFO     ▶️  2026-02-05 — Andrew Garfield…
12:28:17  INFO     ✔️  2026-02-05 — Tom Holland : ❌ Pas lui. (3/7 exacts, 2/7 partiels)
12:28:17  INFO     ▶️  2026-02-05 — Tobey Maguire…
12:28:23  INFO     ▶️  2026-02-06 — Tom Holland…
12:28:29  INFO     ✔️  2026-02-05 — Andrew Garfield : ❌ Pas lui. (3/7 exacts, 2/7 partiels)
12:28:33  INFO     ✔️  2026-02-05 — Tobey Maguire : ❌ Pas lui. (3/7 exacts, 2/7 partiels)
12:28:36  INFO     ▶️  2026-02-06 — Andrew Garfield…
12:28:39  INFO     ✔️  2026-02-06 — Tom Holland : ❌ Pas lui. (1/7 exacts, 0/7 partiels)
12:28:42  INFO     ▶️  2026-02-06 — Tobey Maguire…
12:28:43  INFO     ▶️  2026-02-07 — Tom Holland…
12:28:53  INFO     ✔️  2026-02-06 — Andrew Garfield : ❌ Pas lui. (2/7 exacts, 0/7 partiels)
12:28:59  INFO     ✔️  2026-02-06 — Tobey Maguire : ❌ Pas lui. (2/7 exacts, 0/7 partiels)
12:28:59  INFO     ▶️  2026-02-07 — Andrew Garfield…
12:28:59  INFO     ✔️  2026-02-07 — Tom Holland : ❌ Pas lui. (5/7 exacts, 1/7 partiels)
12:29:04  INFO     ▶️  2026-02-07 — Tobey Maguire…
12:29:07  INFO     ▶️  2026-02-08 — Tom Holland…
12:29:16  INFO     ✔️  2026-02-07 — Andrew Garfield : ❌ Pas lui. (5/7 exacts, 1/7 partiels)
12:29:21  INFO     ✔️  2026-02-07 — Tobey Maguire : ❌ Pas lui. (5/7 exacts, 1/7 partiels)
12:29:23  INFO     ✔️  2026-02-08 — Tom Holland : ❌ Pas lui. (2/7 exacts, 2/7 partiels)
12:29:25  INFO     ▶️  2026-02-08 — Andrew Garfield…
12:29:29  INFO     ▶️  2026-02-08 — Tobey Maguire…
12:29:30  INFO     ▶️  2026-02-09 — Tom Holland…
12:29:41  INFO     ✔️  2026-02-08 — Andrew Garfield : ❌ Pas lui. (2/7 exacts, 2/7 partiels)
12:29:46  INFO     ✔️  2026-02-08 — Tobey Maguire : ❌ Pas lui. (2/7 exacts, 2/7 partiels)
12:29:46  INFO     ✔️  2026-02-09 — Tom Holland : ❌ Pas lui. (2/7 exacts, 1/7 partiels)
12:29:48  INFO     ▶️  2026-02-09 — Andrew Garfield…
12:29:52  INFO     ▶️  2026-02-09 — Tobey Maguire…
12:29:53  INFO     ▶️  2026-02-10 — Tom Holland…
12:30:05  INFO     ✔️  2026-02-09 — Andrew Garfield : ❌ Pas lui. (2/7 exacts, 1/7 partiels)
12:30:08  INFO     ✔️  2026-02-09 — Tobey Maguire : ❌ Pas lui. (2/7 exacts, 1/7 partiels)
12:30:09  INFO     ✔️  2026-02-10 — Tom Holland : ❌ Pas lui. (2/7 exacts, 2/7 partiels)
12:30:13  INFO     ▶️  2026-02-10 — Andrew Garfield…
12:30:15  INFO     ▶️  2026-02-10 — Tobey Maguire…
12:30:15  INFO     ▶️  2026-02-11 — Tom Holland…
12:30:29  INFO     ✔️  2026-02-10 — Andrew Garfield : ❌ Pas lui. (2/7 exacts, 2/7 partiels)
12:30:31  INFO     ✔️  2026-02-11 — Tom Holland : ❌ Pas lui. (1/7 exacts, 1/7 partiels)
12:30:32  INFO     ✔️  2026-02-10 — Tobey Maguire : ❌ Pas lui. (2/7 exacts, 2/7 partiels)
12:30:36  INFO     ▶️  2026-02-11 — Andrew Garfield…
12:30:38  INFO     ▶️  2026-02-11 — Tobey Maguire…
12:30:41  INFO     ▶️  2026-02-12 — Tom Holland…
12:30:53  INFO     ✔️  2026-02-11 — Andrew Garfield : ❌ Pas lui. (2/7 exacts, 1/7 partiels)
12:30:55  INFO     ✔️  2026-02-11 — Tobey Maguire : ❌ Pas lui. (2/7 exacts, 1/7 partiels)
12:30:57  INFO     ✔️  2026-02-12 — Tom Holland : ❌ Pas lui. (4/7 exacts, 2/7 partiels)
12:31:00  INFO     ▶️  2026-02-12 — Andrew Garfield…
12:31:01  INFO     ▶️  2026-02-12 — Tobey Maguire…
12:31:05  INFO     ▶️  2026-02-13 — Tom Holland…
12:31:18  INFO     ✔️  2026-02-12 — Andrew Garfield : ❌ Pas lui. (5/7 exacts, 2/7 partiels)
12:31:18  INFO     ✔️  2026-02-12 — Tobey Maguire : ❌ Pas lui. (5/7 exacts, 2/7 partiels)
12:31:24  INFO     ✔️  2026-02-13 — Tom Holland : ❌ Pas lui. (1/7 exacts, 1/7 partiels)
12:31:25  INFO     ▶️  2026-02-13 — Andrew Garfield…
12:31:28  INFO     ▶️  2026-02-13 — Tobey Maguire…
12:31:30  INFO     ▶️  2026-02-14 — Tom Holland…
12:31:42  INFO     ✔️  2026-02-13 — Andrew Garfield : ❌ Pas lui. (1/7 exacts, 1/7 partiels)
12:31:45  INFO     ✔️  2026-02-13 — Tobey Maguire : ❌ Pas lui. (1/7 exacts, 1/7 partiels)
12:31:46  INFO     ✔️  2026-02-14 — Tom Holland : ❌ Pas lui. (1/7 exacts, 2/7 partiels)
12:31:47  INFO     ▶️  2026-02-14 — Andrew Garfield…
12:31:52  INFO     ▶️  2026-02-14 — Tobey Maguire…
12:31:52  INFO     ▶️  2026-02-15 — Tom Holland…
12:32:03  INFO     ✔️  2026-02-14 — Andrew Garfield : ❌ Pas lui. (1/7 exacts, 2/7 partiels)
12:32:08  INFO     ✔️  2026-02-14 — Tobey Maguire : ❌ Pas lui. (1/7 exacts, 2/7 partiels)
12:32:09  INFO     ✔️  2026-02-15 — Tom Holland : ❌ Pas lui. (3/7 exacts, 1/7 partiels)
12:32:11  INFO     ▶️  2026-02-15 — Andrew Garfield…
12:32:13  INFO     ▶️  2026-02-15 — Tobey Maguire…
12:32:17  INFO     ▶️  2026-02-16 — Tom Holland…
12:32:28  INFO     ✔️  2026-02-15 — Andrew Garfield : ❌ Pas lui. (3/7 exacts, 1/7 partiels)
12:32:29  INFO     ✔️  2026-02-15 — Tobey Maguire : ❌ Pas lui. (3/7 exacts, 1/7 partiels)
12:32:33  INFO     ✔️  2026-02-16 — Tom Holland : ❌ Pas lui. (1/7 exacts, 1/7 partiels)
12:32:34  INFO     ▶️  2026-02-16 — Andrew Garfield…
12:32:39  INFO     ▶️  2026-02-16 — Tobey Maguire…
12:32:39  INFO     ▶️  2026-02-17 — Tom Holland…
12:32:51  INFO     ✔️  2026-02-16 — Andrew Garfield : ❌ Pas lui. (1/7 exacts, 1/7 partiels)
12:32:56  INFO     ✔️  2026-02-16 — Tobey Maguire : ❌ Pas lui. (1/7 exacts, 1/7 partiels)
12:32:56  INFO     ✔️  2026-02-17 — Tom Holland : ❌ Pas lui. (3/7 exacts, 1/7 partiels)
12:33:00  INFO     ▶️  2026-02-17 — Andrew Garfield…
12:33:01  INFO     ▶️  2026-02-17 — Tobey Maguire…
12:33:05  INFO     ▶️  2026-02-18 — Tom Holland…
12:33:16  INFO     ✔️  2026-02-17 — Andrew Garfield : ❌ Pas lui. (3/7 exacts, 1/7 partiels)
12:33:18  INFO     ✔️  2026-02-17 — Tobey Maguire : ❌ Pas lui. (3/7 exacts, 1/7 partiels)
12:33:21  INFO     ✔️  2026-02-18 — Tom Holland : ❌ Pas lui. (3/7 exacts, 1/7 partiels)
12:33:25  INFO     ▶️  2026-02-18 — Andrew Garfield…
12:33:26  INFO     ▶️  2026-02-18 — Tobey Maguire…
12:33:28  INFO     ▶️  2026-02-19 — Tom Holland…
12:33:41  INFO     ✔️  2026-02-18 — Andrew Garfield : ❌ Pas lui. (3/7 exacts, 1/7 partiels)
12:33:43  INFO     ✔️  2026-02-18 — Tobey Maguire : ❌ Pas lui. (3/7 exacts, 1/7 partiels)
12:33:44  INFO     ✔️  2026-02-19 — Tom Holland : ❌ Pas lui. (3/7 exacts, 1/7 partiels)
12:33:47  INFO     ▶️  2026-02-19 — Andrew Garfield…
12:33:49  INFO     ▶️  2026-02-19 — Tobey Maguire…
12:33:49  INFO     ▶️  2026-02-20 — Tom Holland…
12:34:04  INFO     ✔️  2026-02-19 — Andrew Garfield : ❌ Pas lui. (4/7 exacts, 1/7 partiels)
12:34:06  INFO     ✔️  2026-02-20 — Tom Holland : ❌ Pas lui. (2/7 exacts, 1/7 partiels)
12:34:06  INFO     ✔️  2026-02-19 — Tobey Maguire : ❌ Pas lui. (4/7 exacts, 1/7 partiels)
12:34:10  INFO     ▶️  2026-02-20 — Andrew Garfield…
12:34:12  INFO     ▶️  2026-02-20 — Tobey Maguire…
12:34:14  INFO     ▶️  2026-02-21 — Tom Holland…
12:34:27  INFO     ✔️  2026-02-20 — Andrew Garfield : ❌ Pas lui. (3/7 exacts, 1/7 partiels)
12:34:28  INFO     ✔️  2026-02-20 — Tobey Maguire : ❌ Pas lui. (3/7 exacts, 1/7 partiels)
12:34:30  INFO     ✔️  2026-02-21 — Tom Holland : ❌ Pas lui. (1/7 exacts, 1/7 partiels)
12:34:31  INFO     ▶️  2026-02-21 — Andrew Garfield…
12:34:35  INFO     ▶️  2026-02-21 — Tobey Maguire…
12:34:38  INFO     ▶️  2026-02-22 — Tom Holland…
12:34:48  INFO     ✔️  2026-02-21 — Andrew Garfield : ❌ Pas lui. (1/7 exacts, 1/7 partiels)
12:34:52  INFO     ✔️  2026-02-21 — Tobey Maguire : ❌ Pas lui. (1/7 exacts, 1/7 partiels)
12:34:54  INFO     ✔️  2026-02-22 — Tom Holland : ❌ Pas lui. (1/7 exacts, 0/7 partiels)
12:34:57  INFO     ▶️  2026-02-22 — Andrew Garfield…
12:35:01  INFO     ▶️  2026-02-22 — Tobey Maguire…
12:35:01  INFO     ▶️  2026-02-23 — Tom Holland…
12:35:14  INFO     ✔️  2026-02-22 — Andrew Garfield : ❌ Pas lui. (2/7 exacts, 0/7 partiels)
12:35:17  INFO     ✔️  2026-02-23 — Tom Holland : ❌ Pas lui. (2/7 exacts, 1/7 partiels)
12:35:18  INFO     ✔️  2026-02-22 — Tobey Maguire : ❌ Pas lui. (2/7 exacts, 0/7 partiels)
12:35:23  INFO     ▶️  2026-02-23 — Andrew Garfield…
12:35:25  INFO     ▶️  2026-02-23 — Tobey Maguire…
12:35:26  INFO     ▶️  2026-02-24 — Tom Holland…
12:35:40  INFO     ✔️  2026-02-23 — Andrew Garfield : ❌ Pas lui. (2/7 exacts, 1/7 partiels)
12:35:42  INFO     ✔️  2026-02-24 — Tom Holland : ❌ Pas lui. (1/7 exacts, 2/7 partiels)
12:35:42  INFO     ✔️  2026-02-23 — Tobey Maguire : ❌ Pas lui. (2/7 exacts, 1/7 partiels)
12:35:45  INFO     ▶️  2026-02-24 — Andrew Garfield…
12:35:49  INFO     ▶️  2026-02-24 — Tobey Maguire…
12:35:52  INFO     ▶️  2026-02-25 — Tom Holland…
12:36:02  INFO     ✔️  2026-02-24 — Andrew Garfield : ❌ Pas lui. (1/7 exacts, 2/7 partiels)
12:36:05  INFO     ✔️  2026-02-24 — Tobey Maguire : ❌ Pas lui. (1/7 exacts, 2/7 partiels)
12:36:08  INFO     ✔️  2026-02-25 — Tom Holland : ❌ Pas lui. (2/7 exacts, 2/7 partiels)
12:36:10  INFO     ▶️  2026-02-25 — Andrew Garfield…
12:36:12  INFO     ▶️  2026-02-25 — Tobey Maguire…
12:36:14  INFO     ▶️  2026-02-26 — Tom Holland…
12:36:26  INFO     ✔️  2026-02-25 — Andrew Garfield : ❌ Pas lui. (2/7 exacts, 2/7 partiels)
12:36:28  INFO     ✔️  2026-02-25 — Tobey Maguire : ❌ Pas lui. (2/7 exacts, 2/7 partiels)
12:36:31  INFO     ✔️  2026-02-26 — Tom Holland : ❌ Pas lui. (3/7 exacts, 1/7 partiels)
12:36:33  INFO     ▶️  2026-02-26 — Andrew Garfield…
12:36:33  INFO     ▶️  2026-02-26 — Tobey Maguire…
12:36:40  INFO     ▶️  2026-02-27 — Tom Holland…
12:36:49  INFO     ✔️  2026-02-26 — Andrew Garfield : ❌ Pas lui. (4/7 exacts, 1/7 partiels)
12:36:50  INFO     ✔️  2026-02-26 — Tobey Maguire : ❌ Pas lui. (4/7 exacts, 1/7 partiels)
12:36:56  INFO     ✔️  2026-02-27 — Tom Holland : ❌ Pas lui. (3/7 exacts, 1/7 partiels)
12:36:57  INFO     ▶️  2026-02-27 — Andrew Garfield…
12:36:58  INFO     ▶️  2026-02-27 — Tobey Maguire…
12:37:05  INFO     ▶️  2026-02-28 — Tom Holland…
12:37:14  INFO     ✔️  2026-02-27 — Andrew Garfield : ❌ Pas lui. (3/7 exacts, 1/7 partiels)
12:37:15  INFO     ✔️  2026-02-27 — Tobey Maguire : ❌ Pas lui. (3/7 exacts, 1/7 partiels)
12:37:18  INFO     ▶️  2026-02-28 — Andrew Garfield…
12:37:21  INFO     ✔️  2026-02-28 — Tom Holland : ❌ Pas lui. (3/7 exacts, 1/7 partiels)
12:37:21  INFO     ▶️  2026-02-28 — Tobey Maguire…
12:37:25  INFO     ▶️  2026-03-01 — Tom Holland…
12:37:35  INFO     ✔️  2026-02-28 — Andrew Garfield : ❌ Pas lui. (4/7 exacts, 1/7 partiels)
12:37:38  INFO     ✔️  2026-02-28 — Tobey Maguire : ❌ Pas lui. (4/7 exacts, 1/7 partiels)
12:37:41  INFO     ▶️  2026-03-01 — Andrew Garfield…
12:37:41  INFO     ✔️  2026-03-01 — Tom Holland : ❌ Pas lui. (2/7 exacts, 1/7 partiels)
12:37:47  INFO     ▶️  2026-03-01 — Tobey Maguire…
12:37:49  INFO     ▶️  2026-03-02 — Tom Holland…
12:37:57  INFO     ✔️  2026-03-01 — Andrew Garfield : ❌ Pas lui. (2/7 exacts, 1/7 partiels)
12:38:03  INFO     ▶️  2026-03-02 — Andrew Garfield…
12:38:04  INFO     ✔️  2026-03-01 — Tobey Maguire : ❌ Pas lui. (2/7 exacts, 1/7 partiels)
12:38:05  INFO     ✔️  2026-03-02 — Tom Holland : ❌ Pas lui. (4/7 exacts, 1/7 partiels)
12:38:08  INFO     ▶️  2026-03-02 — Tobey Maguire…
12:38:10  INFO     ▶️  2026-03-03 — Tom Holland…
12:38:19  INFO     ✔️  2026-03-02 — Andrew Garfield : ❌ Pas lui. (5/7 exacts, 1/7 partiels)
12:38:25  INFO     ✔️  2026-03-02 — Tobey Maguire : ❌ Pas lui. (5/7 exacts, 1/7 partiels)
12:38:26  INFO     ✔️  2026-03-03 — Tom Holland : ❌ Pas lui. (3/7 exacts, 1/7 partiels)
12:38:27  INFO     ▶️  2026-03-03 — Andrew Garfield…
12:38:34  INFO     ▶️  2026-03-03 — Tobey Maguire…
12:38:35  INFO     ▶️  2026-03-04 — Tom Holland…
12:38:44  INFO     ✔️  2026-03-03 — Andrew Garfield : ❌ Pas lui. (4/7 exacts, 1/7 partiels)
12:38:48  INFO     ▶️  2026-03-04 — Andrew Garfield…
12:38:50  INFO     ✔️  2026-03-03 — Tobey Maguire : ❌ Pas lui. (4/7 exacts, 1/7 partiels)
12:38:51  INFO     ✔️  2026-03-04 — Tom Holland : ❌ Pas lui. (2/7 exacts, 1/7 partiels)
12:38:57  INFO     ▶️  2026-03-04 — Tobey Maguire…
12:38:58  INFO     ▶️  2026-03-05 — Tom Holland…
12:39:05  INFO     ✔️  2026-03-04 — Andrew Garfield : ❌ Pas lui. (2/7 exacts, 1/7 partiels)
12:39:11  INFO     ▶️  2026-03-05 — Andrew Garfield…
12:39:13  INFO     ✔️  2026-03-04 — Tobey Maguire : ❌ Pas lui. (2/7 exacts, 1/7 partiels)
12:39:14  INFO     ✔️  2026-03-05 — Tom Holland : ❌ Pas lui. (3/7 exacts, 2/7 partiels)
12:39:22  INFO     ▶️  2026-03-05 — Tobey Maguire…
12:39:23  INFO     ▶️  2026-03-06 — Tom Holland…
12:39:27  INFO     ✔️  2026-03-05 — Andrew Garfield : ❌ Pas lui. (3/7 exacts, 1/7 partiels)
12:39:32  INFO     ▶️  2026-03-06 — Andrew Garfield…
12:39:39  INFO     ✔️  2026-03-05 — Tobey Maguire : ❌ Pas lui. (3/7 exacts, 1/7 partiels)
12:39:39  INFO     ✔️  2026-03-06 — Tom Holland : ❌ Pas lui. (2/7 exacts, 2/7 partiels)
12:39:47  INFO     ▶️  2026-03-06 — Tobey Maguire…
12:39:47  INFO     ▶️  2026-03-07 — Tom Holland…
12:39:48  INFO     ✔️  2026-03-06 — Andrew Garfield : ❌ Pas lui. (3/7 exacts, 2/7 partiels)
12:39:54  INFO     ▶️  2026-03-07 — Andrew Garfield…
12:40:04  INFO     ✔️  2026-03-06 — Tobey Maguire : ❌ Pas lui. (3/7 exacts, 2/7 partiels)
12:40:04  INFO     ✔️  2026-03-07 — Tom Holland : ❌ Pas lui. (4/7 exacts, 2/7 partiels)
12:40:10  INFO     ▶️  2026-03-07 — Tobey Maguire…
12:40:11  INFO     ✔️  2026-03-07 — Andrew Garfield : ❌ Pas lui. (3/7 exacts, 2/7 partiels)
12:40:12  INFO     ▶️  2026-03-08 — Tom Holland…
12:40:16  INFO     ▶️  2026-03-08 — Andrew Garfield…
12:40:26  INFO     ✔️  2026-03-07 — Tobey Maguire : ❌ Pas lui. (3/7 exacts, 2/7 partiels)
12:40:28  INFO     ✔️  2026-03-08 — Tom Holland : ❌ Pas lui. (2/7 exacts, 1/7 partiels)
12:40:33  INFO     ✔️  2026-03-08 — Andrew Garfield : ❌ Pas lui. (3/7 exacts, 1/7 partiels)
12:40:33  INFO     ▶️  2026-03-08 — Tobey Maguire…
12:40:34  INFO     ▶️  2026-03-09 — Tom Holland…
12:40:38  INFO     ▶️  2026-03-09 — Andrew Garfield…
12:40:49  INFO     ✔️  2026-03-08 — Tobey Maguire : ❌ Pas lui. (3/7 exacts, 1/7 partiels)
12:40:51  INFO     ✔️  2026-03-09 — Tom Holland : ❌ Pas lui. (2/7 exacts, 2/7 partiels)
12:40:54  INFO     ✔️  2026-03-09 — Andrew Garfield : ❌ Pas lui. (2/7 exacts, 2/7 partiels)
12:40:55  INFO     ▶️  2026-03-09 — Tobey Maguire…
12:40:57  INFO     ▶️  2026-03-10 — Tom Holland…
12:40:59  INFO     ▶️  2026-03-10 — Andrew Garfield…
12:41:12  INFO     ✔️  2026-03-09 — Tobey Maguire : ❌ Pas lui. (2/7 exacts, 2/7 partiels)
12:41:13  INFO     ✔️  2026-03-10 — Tom Holland : ❌ Pas lui. (1/7 exacts, 1/7 partiels)
12:41:16  INFO     ✔️  2026-03-10 — Andrew Garfield : ❌ Pas lui. (1/7 exacts, 1/7 partiels)
12:41:20  INFO     ▶️  2026-03-10 — Tobey Maguire…
12:41:21  INFO     ▶️  2026-03-11 — Tom Holland…
12:41:22  INFO     ▶️  2026-03-11 — Andrew Garfield…
12:41:37  INFO     ✔️  2026-03-10 — Tobey Maguire : ❌ Pas lui. (1/7 exacts, 1/7 partiels)
12:41:38  INFO     ✔️  2026-03-11 — Tom Holland : ❌ Pas lui. (3/7 exacts, 1/7 partiels)
12:41:39  INFO     ✔️  2026-03-11 — Andrew Garfield : ❌ Pas lui. (3/7 exacts, 1/7 partiels)
12:41:43  INFO     ▶️  2026-03-11 — Tobey Maguire…
12:41:44  INFO     ▶️  2026-03-12 — Tom Holland…
12:41:46  INFO     ▶️  2026-03-12 — Andrew Garfield…
12:41:59  INFO     ✔️  2026-03-11 — Tobey Maguire : ❌ Pas lui. (3/7 exacts, 1/7 partiels)
12:42:00  INFO     ✔️  2026-03-12 — Tom Holland : ❌ Pas lui. (2/7 exacts, 1/7 partiels)
12:42:03  INFO     ✔️  2026-03-12 — Andrew Garfield : ❌ Pas lui. (3/7 exacts, 1/7 partiels)
12:42:05  INFO     ▶️  2026-03-12 — Tobey Maguire…
12:42:07  INFO     ▶️  2026-03-13 — Tom Holland…
12:42:12  INFO     ▶️  2026-03-13 — Andrew Garfield…
12:42:22  INFO     ✔️  2026-03-12 — Tobey Maguire : ❌ Pas lui. (3/7 exacts, 1/7 partiels)
12:42:23  INFO     ✔️  2026-03-13 — Tom Holland : ❌ Pas lui. (2/7 exacts, 1/7 partiels)
12:42:28  INFO     ▶️  2026-03-13 — Tobey Maguire…
12:42:29  INFO     ✔️  2026-03-13 — Andrew Garfield : ❌ Pas lui. (2/7 exacts, 1/7 partiels)
12:42:33  INFO     ▶️  2026-03-14 — Tom Holland…
12:42:34  INFO     ▶️  2026-03-14 — Andrew Garfield…
12:42:45  INFO     ✔️  2026-03-13 — Tobey Maguire : ❌ Pas lui. (2/7 exacts, 1/7 partiels)
12:42:49  INFO     ✔️  2026-03-14 — Tom Holland : ❌ Pas lui. (5/7 exacts, 1/7 partiels)
12:42:50  INFO     ✔️  2026-03-14 — Andrew Garfield : ❌ Pas lui. (5/7 exacts, 1/7 partiels)
12:42:51  INFO     ▶️  2026-03-14 — Tobey Maguire…
12:42:55  INFO     ▶️  2026-03-15 — Tom Holland…
12:42:56  INFO     ▶️  2026-03-15 — Andrew Garfield…
12:43:07  INFO     ✔️  2026-03-14 — Tobey Maguire : ❌ Pas lui. (5/7 exacts, 1/7 partiels)
12:43:12  INFO     ✔️  2026-03-15 — Tom Holland : ❌ Pas lui. (4/7 exacts, 2/7 partiels)
12:43:13  INFO     ✔️  2026-03-15 — Andrew Garfield : ❌ Pas lui. (3/7 exacts, 2/7 partiels)
12:43:15  INFO     ▶️  2026-03-15 — Tobey Maguire…
12:43:21  INFO     ▶️  2026-03-16 — Tom Holland…
12:43:22  INFO     ▶️  2026-03-16 — Andrew Garfield…
12:43:32  INFO     ✔️  2026-03-15 — Tobey Maguire : ❌ Pas lui. (3/7 exacts, 2/7 partiels)
12:43:37  INFO     ✔️  2026-03-16 — Tom Holland : ❌ Pas lui. (2/7 exacts, 1/7 partiels)
12:43:38  INFO     ✔️  2026-03-16 — Andrew Garfield : ❌ Pas lui. (2/7 exacts, 1/7 partiels)
12:43:41  INFO     ▶️  2026-03-16 — Tobey Maguire…
12:43:43  INFO     ▶️  2026-03-17 — Tom Holland…
12:43:46  INFO     ▶️  2026-03-17 — Andrew Garfield…
12:43:57  INFO     ✔️  2026-03-16 — Tobey Maguire : ❌ Pas lui. (2/7 exacts, 1/7 partiels)
12:43:59  INFO     ✔️  2026-03-17 — Tom Holland : ❌ Pas lui. (2/7 exacts, 1/7 partiels)
12:44:03  INFO     ✔️  2026-03-17 — Andrew Garfield : ❌ Pas lui. (2/7 exacts, 1/7 partiels)
12:44:06  INFO     ▶️  2026-03-17 — Tobey Maguire…
12:44:07  INFO     ▶️  2026-03-18 — Tom Holland…
12:44:07  INFO     ▶️  2026-03-18 — Andrew Garfield…
12:44:23  INFO     ✔️  2026-03-17 — Tobey Maguire : ❌ Pas lui. (2/7 exacts, 1/7 partiels)
12:44:23  INFO     ✔️  2026-03-18 — Tom Holland : ❌ Pas lui. (4/7 exacts, 2/7 partiels)
12:44:24  INFO     ✔️  2026-03-18 — Andrew Garfield : ❌ Pas lui. (4/7 exacts, 1/7 partiels)
12:44:29  INFO     ▶️  2026-03-18 — Tobey Maguire…
12:44:30  INFO     ▶️  2026-03-19 — Tom Holland…
12:44:33  INFO     ▶️  2026-03-19 — Andrew Garfield…
12:44:45  INFO     ✔️  2026-03-18 — Tobey Maguire : ❌ Pas lui. (4/7 exacts, 1/7 partiels)
12:44:47  INFO     ✔️  2026-03-19 — Tom Holland : ❌ Pas lui. (2/7 exacts, 1/7 partiels)
12:44:49  INFO     ✔️  2026-03-19 — Andrew Garfield : ❌ Pas lui. (2/7 exacts, 1/7 partiels)
12:44:52  INFO     ▶️  2026-03-19 — Tobey Maguire…
12:44:54  INFO     ▶️  2026-03-20 — Tom Holland…
12:44:58  INFO     ▶️  2026-03-20 — Andrew Garfield…
12:45:08  INFO     ✔️  2026-03-19 — Tobey Maguire : ❌ Pas lui. (2/7 exacts, 1/7 partiels)
12:45:10  INFO     ✔️  2026-03-20 — Tom Holland : ❌ Pas lui. (3/7 exacts, 1/7 partiels)
12:45:15  INFO     ▶️  2026-03-20 — Tobey Maguire…
12:45:15  INFO     ✔️  2026-03-20 — Andrew Garfield : ❌ Pas lui. (3/7 exacts, 1/7 partiels)
12:45:15  INFO     ▶️  2026-03-21 — Tom Holland…
12:45:24  INFO     ▶️  2026-03-21 — Andrew Garfield…
12:45:31  INFO     ✔️  2026-03-21 — Tom Holland : ❌ Pas lui. (2/7 exacts, 1/7 partiels)
12:45:31  INFO     ✔️  2026-03-20 — Tobey Maguire : ❌ Pas lui. (3/7 exacts, 1/7 partiels)
12:45:39  INFO     ▶️  2026-03-21 — Tobey Maguire…
12:45:41  INFO     ▶️  2026-03-22 — Tom Holland…
12:45:41  INFO     ✔️  2026-03-21 — Andrew Garfield : ❌ Pas lui. (3/7 exacts, 1/7 partiels)
12:45:48  INFO     ▶️  2026-03-22 — Andrew Garfield…
12:45:55  INFO     ✔️  2026-03-21 — Tobey Maguire : ❌ Pas lui. (3/7 exacts, 1/7 partiels)
12:45:57  INFO     ✔️  2026-03-22 — Tom Holland : ❌ Pas lui. (4/7 exacts, 1/7 partiels)
12:46:01  INFO     ▶️  2026-03-22 — Tobey Maguire…
12:46:04  INFO     ▶️  2026-03-23 — Tom Holland…
12:46:05  INFO     ✔️  2026-03-22 — Andrew Garfield : ❌ Pas lui. (4/7 exacts, 1/7 partiels)
12:46:13  INFO     ▶️  2026-03-23 — Andrew Garfield…
12:46:18  INFO     ✔️  2026-03-22 — Tobey Maguire : ❌ Pas lui. (4/7 exacts, 1/7 partiels)
12:46:21  INFO     ✔️  2026-03-23 — Tom Holland : ❌ Pas lui. (3/7 exacts, 1/7 partiels)
12:46:27  INFO     ▶️  2026-03-23 — Tobey Maguire…
12:46:28  INFO     ▶️  2026-03-24 — Tom Holland…
12:46:29  INFO     ✔️  2026-03-23 — Andrew Garfield : ❌ Pas lui. (4/7 exacts, 1/7 partiels)
12:46:34  INFO     ▶️  2026-03-24 — Andrew Garfield…
12:46:44  INFO     ✔️  2026-03-23 — Tobey Maguire : ❌ Pas lui. (4/7 exacts, 1/7 partiels)
12:46:44  INFO     ✔️  2026-03-24 — Tom Holland : ❌ Pas lui. (2/7 exacts, 1/7 partiels)
12:46:49  INFO     ▶️  2026-03-24 — Tobey Maguire…
12:46:50  INFO     ▶️  2026-03-25 — Tom Holland…
12:46:51  INFO     ✔️  2026-03-24 — Andrew Garfield : ❌ Pas lui. (2/7 exacts, 1/7 partiels)
12:46:58  INFO     ▶️  2026-03-25 — Andrew Garfield…
12:47:05  INFO     ✔️  2026-03-24 — Tobey Maguire : ❌ Pas lui. (2/7 exacts, 1/7 partiels)
12:47:06  INFO     ✔️  2026-03-25 — Tom Holland : ❌ Pas lui. (2/7 exacts, 1/7 partiels)
12:47:11  INFO     ▶️  2026-03-25 — Tobey Maguire…
12:47:14  INFO     ▶️  2026-03-26 — Tom Holland…
12:47:15  INFO     ✔️  2026-03-25 — Andrew Garfield : ❌ Pas lui. (2/7 exacts, 1/7 partiels)
12:47:22  INFO     ▶️  2026-03-26 — Andrew Garfield…
12:47:27  INFO     ✔️  2026-03-25 — Tobey Maguire : ❌ Pas lui. (2/7 exacts, 1/7 partiels)
12:47:31  INFO     ✔️  2026-03-26 — Tom Holland : ❌ Pas lui. (5/7 exacts, 0/7 partiels)
12:47:37  INFO     ▶️  2026-03-26 — Tobey Maguire…
12:47:38  INFO     ✔️  2026-03-26 — Andrew Garfield : ❌ Pas lui. (5/7 exacts, 0/7 partiels)
12:47:40  INFO     ▶️  2026-03-27 — Tom Holland…
12:47:43  INFO     ▶️  2026-03-27 — Andrew Garfield…
12:47:53  INFO     ✔️  2026-03-26 — Tobey Maguire : ❌ Pas lui. (5/7 exacts, 0/7 partiels)
12:47:57  INFO     ✔️  2026-03-27 — Tom Holland : ❌ Pas lui. (2/7 exacts, 1/7 partiels)
12:47:58  INFO     ▶️  2026-03-27 — Tobey Maguire…
12:48:00  INFO     ✔️  2026-03-27 — Andrew Garfield : ❌ Pas lui. (2/7 exacts, 1/7 partiels)
12:48:05  INFO     ▶️  2026-03-28 — Tom Holland…
12:48:05  INFO     ▶️  2026-03-28 — Andrew Garfield…
12:48:15  INFO     ✔️  2026-03-27 — Tobey Maguire : ❌ Pas lui. (2/7 exacts, 1/7 partiels)
12:48:21  INFO     ✔️  2026-03-28 — Tom Holland : ❌ Pas lui. (1/7 exacts, 1/7 partiels)
12:48:21  INFO     ✔️  2026-03-28 — Andrew Garfield : ❌ Pas lui. (1/7 exacts, 1/7 partiels)
12:48:24  INFO     ▶️  2026-03-28 — Tobey Maguire…
12:48:29  INFO     ▶️  2026-03-29 — Tom Holland…
12:48:30  INFO     ▶️  2026-03-29 — Andrew Garfield…
12:48:41  INFO     ✔️  2026-03-28 — Tobey Maguire : ❌ Pas lui. (1/7 exacts, 1/7 partiels)
12:48:46  INFO     ✔️  2026-03-29 — Tom Holland : ❌ Pas lui. (3/7 exacts, 2/7 partiels)
12:48:47  INFO     ✔️  2026-03-29 — Andrew Garfield : ❌ Pas lui. (4/7 exacts, 2/7 partiels)
12:48:49  INFO     ▶️  2026-03-29 — Tobey Maguire…
12:48:53  INFO     ▶️  2026-03-30 — Tom Holland…
12:48:53  INFO     ▶️  2026-03-30 — Andrew Garfield…
12:49:05  INFO     ✔️  2026-03-29 — Tobey Maguire : ❌ Pas lui. (4/7 exacts, 2/7 partiels)
12:49:10  INFO     ✔️  2026-03-30 — Tom Holland : ❌ Pas lui. (3/7 exacts, 1/7 partiels)
12:49:10  INFO     ✔️  2026-03-30 — Andrew Garfield : ❌ Pas lui. (3/7 exacts, 1/7 partiels)
12:49:12  INFO     ▶️  2026-03-30 — Tobey Maguire…
12:49:17  INFO     ▶️  2026-03-31 — Tom Holland…
12:49:18  INFO     ▶️  2026-03-31 — Andrew Garfield…
12:49:29  INFO     ✔️  2026-03-30 — Tobey Maguire : ❌ Pas lui. (3/7 exacts, 1/7 partiels)
12:49:33  INFO     ✔️  2026-03-31 — Tom Holland : ❌ Pas lui. (2/7 exacts, 1/7 partiels)
12:49:33  INFO     ▶️  2026-03-31 — Tobey Maguire…
12:49:35  INFO     ✔️  2026-03-31 — Andrew Garfield : ❌ Pas lui. (3/7 exacts, 1/7 partiels)
12:49:41  INFO     ▶️  2026-04-01 — Tom Holland…
12:49:43  INFO     ▶️  2026-04-01 — Andrew Garfield…
12:49:50  INFO     ✔️  2026-03-31 — Tobey Maguire : ❌ Pas lui. (3/7 exacts, 1/7 partiels)
12:49:57  INFO     ✔️  2026-04-01 — Tom Holland : ❌ Pas lui. (2/7 exacts, 1/7 partiels)
12:49:57  INFO     ▶️  2026-04-01 — Tobey Maguire…
12:50:00  INFO     ✔️  2026-04-01 — Andrew Garfield : ❌ Pas lui. (2/7 exacts, 1/7 partiels)
12:50:05  INFO     ▶️  2026-04-02 — Tom Holland…
12:50:07  INFO     ▶️  2026-04-02 — Andrew Garfield…
12:50:14  INFO     ✔️  2026-04-01 — Tobey Maguire : ❌ Pas lui. (2/7 exacts, 1/7 partiels)
12:50:22  INFO     ✔️  2026-04-02 — Tom Holland : ❌ Pas lui. (2/7 exacts, 1/7 partiels)
12:50:23  INFO     ▶️  2026-04-02 — Tobey Maguire…
12:50:24  INFO     ✔️  2026-04-02 — Andrew Garfield : ❌ Pas lui. (2/7 exacts, 1/7 partiels)
12:50:29  INFO     ▶️  2026-04-03 — Tom Holland…
12:50:33  INFO     ▶️  2026-04-03 — Andrew Garfield…
12:50:40  INFO     ✔️  2026-04-02 — Tobey Maguire : ❌ Pas lui. (2/7 exacts, 1/7 partiels)
12:50:45  INFO     ✔️  2026-04-03 — Tom Holland : ❌ Pas lui. (3/7 exacts, 1/7 partiels)
12:50:47  INFO     ▶️  2026-04-03 — Tobey Maguire…
12:50:50  INFO     ✔️  2026-04-03 — Andrew Garfield : ❌ Pas lui. (3/7 exacts, 1/7 partiels)
12:50:54  INFO     ▶️  2026-04-04 — Tom Holland…
12:50:58  INFO     ▶️  2026-04-04 — Andrew Garfield…
12:51:04  INFO     ✔️  2026-04-03 — Tobey Maguire : ❌ Pas lui. (3/7 exacts, 1/7 partiels)
12:51:10  INFO     ✔️  2026-04-04 — Tom Holland : ❌ Pas lui. (3/7 exacts, 2/7 partiels)
12:51:11  INFO     ▶️  2026-04-04 — Tobey Maguire…
12:51:14  INFO     ✔️  2026-04-04 — Andrew Garfield : ❌ Pas lui. (4/7 exacts, 2/7 partiels)
12:51:16  INFO     ▶️  2026-04-05 — Tom Holland…
12:51:23  INFO     ▶️  2026-04-05 — Andrew Garfield…
12:51:28  INFO     ✔️  2026-04-04 — Tobey Maguire : ❌ Pas lui. (4/7 exacts, 2/7 partiels)
12:51:32  INFO     ✔️  2026-04-05 — Tom Holland : ❌ Pas lui. (2/7 exacts, 2/7 partiels)
12:51:34  INFO     ▶️  2026-04-05 — Tobey Maguire…
12:51:38  INFO     ▶️  2026-04-06 — Tom Holland…
12:51:40  INFO     ✔️  2026-04-05 — Andrew Garfield : ❌ Pas lui. (2/7 exacts, 2/7 partiels)
12:51:45  INFO     ▶️  2026-04-06 — Andrew Garfield…
12:51:50  INFO     ✔️  2026-04-05 — Tobey Maguire : ❌ Pas lui. (2/7 exacts, 2/7 partiels)
12:51:54  INFO     ✔️  2026-04-06 — Tom Holland : ❌ Pas lui. (3/7 exacts, 1/7 partiels)
12:51:57  INFO     ▶️  2026-04-06 — Tobey Maguire…
12:52:02  INFO     ✔️  2026-04-06 — Andrew Garfield : ❌ Pas lui. (3/7 exacts, 1/7 partiels)
12:52:02  INFO     ▶️  2026-04-07 — Tom Holland…
12:52:10  INFO     ▶️  2026-04-07 — Andrew Garfield…
12:52:14  INFO     ✔️  2026-04-06 — Tobey Maguire : ❌ Pas lui. (3/7 exacts, 1/7 partiels)
12:52:18  INFO     ✔️  2026-04-07 — Tom Holland : ❌ Pas lui. (2/7 exacts, 1/7 partiels)
12:52:21  INFO     ▶️  2026-04-07 — Tobey Maguire…
12:52:24  INFO     ▶️  2026-04-08 — Tom Holland…
12:52:27  INFO     ✔️  2026-04-07 — Andrew Garfield : ❌ Pas lui. (2/7 exacts, 1/7 partiels)
12:52:37  INFO     ▶️  2026-04-08 — Andrew Garfield…
12:52:38  INFO     ✔️  2026-04-07 — Tobey Maguire : ❌ Pas lui. (2/7 exacts, 1/7 partiels)
12:52:40  INFO     ✔️  2026-04-08 — Tom Holland : ❌ Pas lui. (3/7 exacts, 0/7 partiels)
12:52:43  INFO     ▶️  2026-04-08 — Tobey Maguire…
12:52:45  INFO     ▶️  2026-04-09 — Tom Holland…
12:52:53  INFO     ✔️  2026-04-08 — Andrew Garfield : ❌ Pas lui. (4/7 exacts, 0/7 partiels)
12:53:00  INFO     ✔️  2026-04-08 — Tobey Maguire : ❌ Pas lui. (4/7 exacts, 0/7 partiels)
12:53:02  INFO     ✔️  2026-04-09 — Tom Holland : ❌ Pas lui. (2/7 exacts, 0/7 partiels)
12:53:03  INFO     ▶️  2026-04-09 — Andrew Garfield…
12:53:04  INFO     ▶️  2026-04-09 — Tobey Maguire…
12:53:08  INFO     ▶️  2026-04-10 — Tom Holland…
12:53:20  INFO     ✔️  2026-04-09 — Andrew Garfield : ❌ Pas lui. (2/7 exacts, 0/7 partiels)
12:53:21  INFO     ✔️  2026-04-09 — Tobey Maguire : ❌ Pas lui. (2/7 exacts, 0/7 partiels)
12:53:25  INFO     ✔️  2026-04-10 — Tom Holland : ❌ Pas lui. (3/7 exacts, 1/7 partiels)
12:53:25  INFO     ▶️  2026-04-10 — Andrew Garfield…
12:53:30  INFO     ▶️  2026-04-10 — Tobey Maguire…
12:53:32  INFO     ▶️  2026-04-11 — Tom Holland…
12:53:42  INFO     ✔️  2026-04-10 — Andrew Garfield : ❌ Pas lui. (3/7 exacts, 1/7 partiels)
12:53:47  INFO     ✔️  2026-04-10 — Tobey Maguire : ❌ Pas lui. (3/7 exacts, 1/7 partiels)
12:53:48  INFO     ✔️  2026-04-11 — Tom Holland : ❌ Pas lui. (4/7 exacts, 2/7 partiels)
12:53:49  INFO     ▶️  2026-04-11 — Andrew Garfield…
12:53:53  INFO     ▶️  2026-04-11 — Tobey Maguire…
12:53:55  INFO     ▶️  2026-04-12 — Tom Holland…
12:54:05  INFO     ✔️  2026-04-11 — Andrew Garfield : ❌ Pas lui. (4/7 exacts, 2/7 partiels)
12:54:10  INFO     ✔️  2026-04-11 — Tobey Maguire : ❌ Pas lui. (4/7 exacts, 2/7 partiels)
12:54:12  INFO     ✔️  2026-04-12 — Tom Holland : ❌ Pas lui. (2/7 exacts, 1/7 partiels)
12:54:14  INFO     ▶️  2026-04-12 — Andrew Garfield…
12:54:17  INFO     ▶️  2026-04-12 — Tobey Maguire…
12:54:19  INFO     ▶️  2026-04-13 — Tom Holland…
12:54:30  INFO     ✔️  2026-04-12 — Andrew Garfield : ❌ Pas lui. (2/7 exacts, 1/7 partiels)
12:54:34  INFO     ✔️  2026-04-12 — Tobey Maguire : ❌ Pas lui. (2/7 exacts, 1/7 partiels)
12:54:35  INFO     ▶️  2026-04-13 — Andrew Garfield…
12:54:36  INFO     ✔️  2026-04-13 — Tom Holland : ❌ Pas lui. (1/7 exacts, 1/7 partiels)
12:54:43  INFO     ▶️  2026-04-13 — Tobey Maguire…
12:54:43  INFO     ▶️  2026-04-14 — Tom Holland…
12:54:51  INFO     ✔️  2026-04-13 — Andrew Garfield : ❌ Pas lui. (2/7 exacts, 1/7 partiels)
12:54:59  INFO     ✔️  2026-04-13 — Tobey Maguire : ❌ Pas lui. (2/7 exacts, 1/7 partiels)
12:55:00  INFO     ✔️  2026-04-14 — Tom Holland : ❌ Pas lui. (1/7 exacts, 0/7 partiels)
12:55:00  INFO     ▶️  2026-04-14 — Andrew Garfield…
12:55:06  INFO     ▶️  2026-04-14 — Tobey Maguire…
12:55:07  INFO     ▶️  2026-04-15 — Tom Holland…
12:55:17  INFO     ✔️  2026-04-14 — Andrew Garfield : ❌ Pas lui. (2/7 exacts, 0/7 partiels)
12:55:22  INFO     ✔️  2026-04-14 — Tobey Maguire : ❌ Pas lui. (2/7 exacts, 0/7 partiels)
12:55:23  INFO     ✔️  2026-04-15 — Tom Holland : ❌ Pas lui. (2/7 exacts, 3/7 partiels)
12:55:26  INFO     ▶️  2026-04-15 — Andrew Garfield…
12:55:31  INFO     ▶️  2026-04-15 — Tobey Maguire…
12:55:33  INFO     ▶️  2026-04-16 — Tom Holland…
12:55:43  INFO     ✔️  2026-04-15 — Andrew Garfield : ❌ Pas lui. (2/7 exacts, 3/7 partiels)
12:55:48  INFO     ✔️  2026-04-15 — Tobey Maguire : ❌ Pas lui. (2/7 exacts, 3/7 partiels)
12:55:49  INFO     ✔️  2026-04-16 — Tom Holland : ❌ Pas lui. (4/7 exacts, 0/7 partiels)
12:55:52  INFO     ▶️  2026-04-16 — Andrew Garfield…
12:55:55  INFO     ▶️  2026-04-16 — Tobey Maguire…
12:55:56  INFO     ▶️  2026-04-17 — Tom Holland…
12:56:09  INFO     ✔️  2026-04-16 — Andrew Garfield : ❌ Pas lui. (4/7 exacts, 0/7 partiels)
12:56:11  INFO     ✔️  2026-04-16 — Tobey Maguire : ❌ Pas lui. (4/7 exacts, 0/7 partiels)
12:56:12  INFO     ✔️  2026-04-17 — Tom Holland : ❌ Pas lui. (4/7 exacts, 1/7 partiels)
12:56:13  INFO     ▶️  2026-04-17 — Andrew Garfield…
12:56:17  INFO     ▶️  2026-04-17 — Tobey Maguire…
12:56:22  INFO     ▶️  2026-04-18 — Tom Holland…
12:56:29  INFO     ✔️  2026-04-17 — Andrew Garfield : ❌ Pas lui. (5/7 exacts, 1/7 partiels)
12:56:33  INFO     ✔️  2026-04-17 — Tobey Maguire : ❌ Pas lui. (5/7 exacts, 1/7 partiels)
12:56:38  INFO     ✔️  2026-04-18 — Tom Holland : ❌ Pas lui. (2/7 exacts, 1/7 partiels)
12:56:38  INFO     ▶️  2026-04-18 — Andrew Garfield…
12:56:39  INFO     ▶️  2026-04-18 — Tobey Maguire…
12:56:47  INFO     ▶️  2026-04-19 — Tom Holland…
12:56:55  INFO     ✔️  2026-04-18 — Andrew Garfield : ❌ Pas lui. (3/7 exacts, 1/7 partiels)
12:56:56  INFO     ✔️  2026-04-18 — Tobey Maguire : ❌ Pas lui. (3/7 exacts, 1/7 partiels)
12:57:02  INFO     ▶️  2026-04-19 — Andrew Garfield…
12:57:03  INFO     ▶️  2026-04-19 — Tobey Maguire…
12:57:04  INFO     ✔️  2026-04-19 — Tom Holland : ❌ Pas lui. (0/7 exacts, 1/7 partiels)
12:57:12  INFO     ▶️  2026-04-20 — Tom Holland…
12:57:18  INFO     ✔️  2026-04-19 — Andrew Garfield : ❌ Pas lui. (1/7 exacts, 1/7 partiels)
12:57:20  INFO     ✔️  2026-04-19 — Tobey Maguire : ❌ Pas lui. (1/7 exacts, 1/7 partiels)
12:57:25  INFO     ▶️  2026-04-20 — Andrew Garfield…
12:57:27  INFO     ▶️  2026-04-20 — Tobey Maguire…
12:57:28  INFO     ✔️  2026-04-20 — Tom Holland : ❌ Pas lui. (3/7 exacts, 1/7 partiels)
12:57:34  INFO     ▶️  2026-04-21 — Tom Holland…
12:57:41  INFO     ✔️  2026-04-20 — Andrew Garfield : ❌ Pas lui. (4/7 exacts, 1/7 partiels)
12:57:44  INFO     ✔️  2026-04-20 — Tobey Maguire : ❌ Pas lui. (4/7 exacts, 1/7 partiels)
12:57:50  INFO     ✔️  2026-04-21 — Tom Holland : ❌ Pas lui. (2/7 exacts, 1/7 partiels)
12:57:50  INFO     ▶️  2026-04-21 — Andrew Garfield…
12:57:52  INFO     ▶️  2026-04-21 — Tobey Maguire…
12:57:57  INFO     ▶️  2026-04-22 — Tom Holland…
12:58:07  INFO     ✔️  2026-04-21 — Andrew Garfield : ❌ Pas lui. (3/7 exacts, 1/7 partiels)
12:58:09  INFO     ✔️  2026-04-21 — Tobey Maguire : ❌ Pas lui. (3/7 exacts, 1/7 partiels)
12:58:11  INFO     ▶️  2026-04-22 — Andrew Garfield…
12:58:13  INFO     ✔️  2026-04-22 — Tom Holland : ❌ Pas lui. (4/7 exacts, 1/7 partiels)
12:58:15  INFO     ▶️  2026-04-22 — Tobey Maguire…
12:58:18  INFO     ▶️  2026-04-23 — Tom Holland…
12:58:28  INFO     ✔️  2026-04-22 — Andrew Garfield : ❌ Pas lui. (4/7 exacts, 1/7 partiels)
12:58:31  INFO     ✔️  2026-04-22 — Tobey Maguire : ❌ Pas lui. (4/7 exacts, 1/7 partiels)
12:58:34  INFO     ✔️  2026-04-23 — Tom Holland : ❌ Pas lui. (3/7 exacts, 3/7 partiels)
12:58:34  INFO     ▶️  2026-04-23 — Andrew Garfield…
12:58:35  INFO     ▶️  2026-04-23 — Tobey Maguire…
12:58:41  INFO     ▶️  2026-04-24 — Tom Holland…
12:58:51  INFO     ✔️  2026-04-23 — Andrew Garfield : ❌ Pas lui. (3/7 exacts, 2/7 partiels)
12:58:52  INFO     ✔️  2026-04-23 — Tobey Maguire : ❌ Pas lui. (3/7 exacts, 2/7 partiels)
12:58:55  INFO     ▶️  2026-04-24 — Andrew Garfield…
12:58:57  INFO     ✔️  2026-04-24 — Tom Holland : ❌ Pas lui. (1/7 exacts, 0/7 partiels)
12:58:59  INFO     ▶️  2026-04-24 — Tobey Maguire…
12:59:02  INFO     ▶️  2026-04-25 — Tom Holland…
12:59:11  INFO     ✔️  2026-04-24 — Andrew Garfield : ❌ Pas lui. (1/7 exacts, 0/7 partiels)
12:59:15  INFO     ✔️  2026-04-24 — Tobey Maguire : ❌ Pas lui. (1/7 exacts, 0/7 partiels)
12:59:17  INFO     ▶️  2026-04-25 — Andrew Garfield…
12:59:18  INFO     ✔️  2026-04-25 — Tom Holland : ❌ Pas lui. (2/7 exacts, 1/7 partiels)
12:59:25  INFO     ▶️  2026-04-25 — Tobey Maguire…
12:59:27  INFO     ▶️  2026-04-26 — Tom Holland…
12:59:34  INFO     ✔️  2026-04-25 — Andrew Garfield : ❌ Pas lui. (3/7 exacts, 1/7 partiels)
12:59:42  INFO     ✔️  2026-04-25 — Tobey Maguire : ❌ Pas lui. (3/7 exacts, 1/7 partiels)
12:59:43  INFO     ▶️  2026-04-26 — Andrew Garfield…
12:59:44  INFO     ✔️  2026-04-26 — Tom Holland : ❌ Pas lui. (1/7 exacts, 0/7 partiels)
12:59:47  INFO     ▶️  2026-04-26 — Tobey Maguire…
12:59:51  INFO     ▶️  2026-04-27 — Tom Holland…
13:00:00  INFO     ✔️  2026-04-26 — Andrew Garfield : ❌ Pas lui. (2/7 exacts, 0/7 partiels)
13:00:03  INFO     ✔️  2026-04-26 — Tobey Maguire : ❌ Pas lui. (2/7 exacts, 0/7 partiels)
13:00:05  INFO     ▶️  2026-04-27 — Andrew Garfield…
13:00:07  INFO     ✔️  2026-04-27 — Tom Holland : ❌ Pas lui. (2/7 exacts, 0/7 partiels)
13:00:10  INFO     ▶️  2026-04-27 — Tobey Maguire…
13:00:12  INFO     ▶️  2026-04-28 — Tom Holland…
13:00:21  INFO     ✔️  2026-04-27 — Andrew Garfield : ❌ Pas lui. (3/7 exacts, 0/7 partiels)
13:00:27  INFO     ✔️  2026-04-27 — Tobey Maguire : ❌ Pas lui. (3/7 exacts, 0/7 partiels)
13:00:28  INFO     ✔️  2026-04-28 — Tom Holland : ❌ Pas lui. (3/7 exacts, 1/7 partiels)
13:00:29  INFO     ▶️  2026-04-28 — Andrew Garfield…
13:00:32  INFO     ▶️  2026-04-28 — Tobey Maguire…
13:00:33  INFO     ▶️  2026-04-29 — Tom Holland…
13:00:45  INFO     ✔️  2026-04-28 — Andrew Garfield : ❌ Pas lui. (3/7 exacts, 1/7 partiels)
13:00:48  INFO     ✔️  2026-04-28 — Tobey Maguire : ❌ Pas lui. (3/7 exacts, 1/7 partiels)
13:00:49  INFO     ✔️  2026-04-29 — Tom Holland : ❌ Pas lui. (2/7 exacts, 1/7 partiels)
13:00:54  INFO     ▶️  2026-04-29 — Andrew Garfield…
13:00:54  INFO     ▶️  2026-04-29 — Tobey Maguire…
13:00:55  INFO     ▶️  2026-04-30 — Tom Holland…
13:01:11  INFO     ✔️  2026-04-29 — Andrew Garfield : ❌ Pas lui. (2/7 exacts, 1/7 partiels)
13:01:11  INFO     ✔️  2026-04-29 — Tobey Maguire : ❌ Pas lui. (2/7 exacts, 1/7 partiels)
13:01:11  INFO     ✔️  2026-04-30 — Tom Holland : ❌ Pas lui. (5/7 exacts, 2/7 partiels)
13:01:16  INFO     ▶️  2026-04-30 — Andrew Garfield…
13:01:18  INFO     ▶️  2026-04-30 — Tobey Maguire…
13:01:20  INFO     ▶️  2026-05-01 — Tom Holland…
13:01:33  INFO     ✔️  2026-04-30 — Andrew Garfield : ❌ Pas lui. (5/7 exacts, 1/7 partiels)
13:01:35  INFO     ✔️  2026-04-30 — Tobey Maguire : ❌ Pas lui. (5/7 exacts, 1/7 partiels)
13:01:36  INFO     ✔️  2026-05-01 — Tom Holland : ❌ Pas lui. (2/7 exacts, 1/7 partiels)
13:01:40  INFO     ▶️  2026-05-01 — Andrew Garfield…
13:01:41  INFO     ▶️  2026-05-01 — Tobey Maguire…
13:01:42  INFO     ▶️  2026-05-02 — Tom Holland…
13:01:57  INFO     ✔️  2026-05-01 — Andrew Garfield : ❌ Pas lui. (2/7 exacts, 1/7 partiels)
13:01:58  INFO     ✔️  2026-05-01 — Tobey Maguire : ❌ Pas lui. (2/7 exacts, 1/7 partiels)
13:01:59  INFO     ✔️  2026-05-02 — Tom Holland : ❌ Pas lui. (3/7 exacts, 3/7 partiels)
13:02:03  INFO     ▶️  2026-05-02 — Andrew Garfield…
13:02:05  INFO     ▶️  2026-05-02 — Tobey Maguire…
13:02:06  INFO     ▶️  2026-05-03 — Tom Holland…
13:02:19  INFO     ✔️  2026-05-02 — Andrew Garfield : ❌ Pas lui. (3/7 exacts, 2/7 partiels)
13:02:21  INFO     ✔️  2026-05-02 — Tobey Maguire : ❌ Pas lui. (3/7 exacts, 2/7 partiels)
13:02:22  INFO     ✔️  2026-05-03 — Tom Holland : ❌ Pas lui. (3/7 exacts, 2/7 partiels)
13:02:26  INFO     ▶️  2026-05-03 — Andrew Garfield…
13:02:26  INFO     ▶️  2026-05-03 — Tobey Maguire…
13:02:27  INFO     ▶️  2026-05-04 — Tom Holland…
13:02:42  INFO     ✔️  2026-05-03 — Andrew Garfield : ❌ Pas lui. (3/7 exacts, 2/7 partiels)
13:02:43  INFO     ✔️  2026-05-03 — Tobey Maguire : ❌ Pas lui. (3/7 exacts, 2/7 partiels)
13:02:43  INFO     ✔️  2026-05-04 — Tom Holland : ❌ Pas lui. (2/7 exacts, 2/7 partiels)
13:02:48  INFO     ▶️  2026-05-04 — Andrew Garfield…
13:02:49  INFO     ▶️  2026-05-04 — Tobey Maguire…
13:02:51  INFO     ▶️  2026-05-05 — Tom Holland…
13:03:05  INFO     ✔️  2026-05-04 — Andrew Garfield : ❌ Pas lui. (2/7 exacts, 2/7 partiels)
13:03:07  INFO     ✔️  2026-05-04 — Tobey Maguire : ❌ Pas lui. (2/7 exacts, 2/7 partiels)
13:03:08  INFO     ✔️  2026-05-05 — Tom Holland : ❌ Pas lui. (4/7 exacts, 0/7 partiels)
13:03:09  INFO     ▶️  2026-05-05 — Andrew Garfield…
13:03:13  INFO     ▶️  2026-05-05 — Tobey Maguire…
13:03:16  INFO     ▶️  2026-05-06 — Tom Holland…
13:03:26  INFO     ✔️  2026-05-05 — Andrew Garfield : ❌ Pas lui. (4/7 exacts, 0/7 partiels)
13:03:30  INFO     ✔️  2026-05-05 — Tobey Maguire : ❌ Pas lui. (4/7 exacts, 0/7 partiels)
13:03:31  INFO     ▶️  2026-05-06 — Andrew Garfield…
13:03:33  INFO     ✔️  2026-05-06 — Tom Holland : ❌ Pas lui. (3/7 exacts, 2/7 partiels)
13:03:37  INFO     ▶️  2026-05-06 — Tobey Maguire…
13:03:40  INFO     ▶️  2026-05-07 — Tom Holland…
13:03:48  INFO     ✔️  2026-05-06 — Andrew Garfield : ❌ Pas lui. (3/7 exacts, 2/7 partiels)
13:03:53  INFO     ▶️  2026-05-07 — Andrew Garfield…
13:03:56  INFO     ✔️  2026-05-06 — Tobey Maguire : ❌ Pas lui. (3/7 exacts, 2/7 partiels)
13:03:57  INFO     ✔️  2026-05-07 — Tom Holland : ❌ Pas lui. (1/7 exacts, 2/7 partiels)
13:04:01  INFO     ▶️  2026-05-07 — Tobey Maguire…
13:04:04  INFO     ▶️  2026-05-08 — Tom Holland…
13:04:11  INFO     ✔️  2026-05-07 — Andrew Garfield : ❌ Pas lui. (1/7 exacts, 2/7 partiels)
13:04:16  INFO     ▶️  2026-05-08 — Andrew Garfield…
13:04:18  INFO     ✔️  2026-05-07 — Tobey Maguire : ❌ Pas lui. (1/7 exacts, 2/7 partiels)
13:04:22  INFO     ✔️  2026-05-08 — Tom Holland : ❌ Pas lui. (2/7 exacts, 1/7 partiels)
13:04:28  INFO     ▶️  2026-05-08 — Tobey Maguire…
13:04:28  INFO     ▶️  2026-05-09 — Tom Holland…
13:04:34  INFO     ✔️  2026-05-08 — Andrew Garfield : ❌ Pas lui. (3/7 exacts, 1/7 partiels)
13:04:43  INFO     ▶️  2026-05-09 — Andrew Garfield…
13:04:45  INFO     ✔️  2026-05-09 — Tom Holland : ❌ Pas lui. (2/7 exacts, 3/7 partiels)
13:04:45  INFO     ✔️  2026-05-08 — Tobey Maguire : ❌ Pas lui. (3/7 exacts, 1/7 partiels)
13:04:54  INFO     ▶️  2026-05-09 — Tobey Maguire…
13:04:55  INFO     ▶️  2026-05-10 — Tom Holland…
13:05:00  INFO     ✔️  2026-05-09 — Andrew Garfield : ❌ Pas lui. (2/7 exacts, 2/7 partiels)
13:05:06  INFO     ▶️  2026-05-10 — Andrew Garfield…
13:05:11  INFO     ✔️  2026-05-09 — Tobey Maguire : ❌ Pas lui. (2/7 exacts, 2/7 partiels)
13:05:12  INFO     ✔️  2026-05-10 — Tom Holland : ❌ Pas lui. (2/7 exacts, 2/7 partiels)
13:05:16  INFO     ▶️  2026-05-10 — Tobey Maguire…
13:05:21  INFO     ▶️  2026-05-11 — Tom Holland…
13:05:23  INFO     ✔️  2026-05-10 — Andrew Garfield : ❌ Pas lui. (2/7 exacts, 2/7 partiels)
13:05:32  INFO     ▶️  2026-05-11 — Andrew Garfield…
13:05:33  INFO     ✔️  2026-05-10 — Tobey Maguire : ❌ Pas lui. (2/7 exacts, 2/7 partiels)
13:05:37  INFO     ✔️  2026-05-11 — Tom Holland : ❌ Pas lui. (4/7 exacts, 1/7 partiels)
13:05:38  INFO     ▶️  2026-05-11 — Tobey Maguire…
13:05:42  INFO     ▶️  2026-05-12 — Tom Holland…
13:05:49  INFO     ✔️  2026-05-11 — Andrew Garfield : ❌ Pas lui. (4/7 exacts, 1/7 partiels)
13:05:55  INFO     ✔️  2026-05-11 — Tobey Maguire : ❌ Pas lui. (4/7 exacts, 1/7 partiels)
13:05:58  INFO     ▶️  2026-05-12 — Andrew Garfield…
13:05:59  INFO     ✔️  2026-05-12 — Tom Holland : ❌ Pas lui. (2/7 exacts, 1/7 partiels)
13:06:05  INFO     ▶️  2026-05-12 — Tobey Maguire…
13:06:08  INFO     ▶️  2026-05-13 — Tom Holland…
13:06:16  INFO     ✔️  2026-05-12 — Andrew Garfield : ❌ Pas lui. (2/7 exacts, 1/7 partiels)
13:06:22  INFO     ✔️  2026-05-12 — Tobey Maguire : ❌ Pas lui. (2/7 exacts, 1/7 partiels)
13:06:25  INFO     ▶️  2026-05-13 — Andrew Garfield…
13:06:25  INFO     ✔️  2026-05-13 — Tom Holland : ❌ Pas lui. (2/7 exacts, 1/7 partiels)
13:06:27  INFO     ▶️  2026-05-13 — Tobey Maguire…
13:06:32  INFO     ▶️  2026-05-14 — Tom Holland…
13:06:42  INFO     ✔️  2026-05-13 — Andrew Garfield : ❌ Pas lui. (2/7 exacts, 1/7 partiels)
13:06:45  INFO     ✔️  2026-05-13 — Tobey Maguire : ❌ Pas lui. (2/7 exacts, 1/7 partiels)
13:06:48  INFO     ▶️  2026-05-14 — Andrew Garfield…
13:06:48  INFO     ✔️  2026-05-14 — Tom Holland : ❌ Pas lui. (1/7 exacts, 1/7 partiels)
13:06:49  INFO     ▶️  2026-05-14 — Tobey Maguire…
13:06:56  INFO     ▶️  2026-05-15 — Tom Holland…
13:07:05  INFO     ✔️  2026-05-14 — Andrew Garfield : ❌ Pas lui. (2/7 exacts, 1/7 partiels)
13:07:06  INFO     ✔️  2026-05-14 — Tobey Maguire : ❌ Pas lui. (2/7 exacts, 1/7 partiels)
13:07:10  INFO     ▶️  2026-05-15 — Andrew Garfield…
13:07:12  INFO     ▶️  2026-05-15 — Tobey Maguire…
13:07:14  INFO     ✔️  2026-05-15 — Tom Holland : ❌ Pas lui. (2/7 exacts, 1/7 partiels)
13:07:19  INFO     ▶️  2026-05-16 — Tom Holland…
13:07:27  INFO     ✔️  2026-05-15 — Andrew Garfield : ❌ Pas lui. (2/7 exacts, 1/7 partiels)
13:07:29  INFO     ✔️  2026-05-15 — Tobey Maguire : ❌ Pas lui. (2/7 exacts, 1/7 partiels)
13:07:34  INFO     ▶️  2026-05-16 — Andrew Garfield…
13:07:36  INFO     ✔️  2026-05-16 — Tom Holland : ❌ Pas lui. (2/7 exacts, 0/7 partiels)
13:07:36  INFO     ▶️  2026-05-16 — Tobey Maguire…
13:07:44  INFO     ▶️  2026-05-17 — Tom Holland…
13:07:51  INFO     ✔️  2026-05-16 — Andrew Garfield : ❌ Pas lui. (2/7 exacts, 0/7 partiels)
13:07:53  INFO     ✔️  2026-05-16 — Tobey Maguire : ❌ Pas lui. (2/7 exacts, 0/7 partiels)
13:07:57  INFO     ▶️  2026-05-17 — Andrew Garfield…
13:07:58  INFO     ▶️  2026-05-17 — Tobey Maguire…
13:08:01  INFO     ✔️  2026-05-17 — Tom Holland : ❌ Pas lui. (3/7 exacts, 1/7 partiels)
13:08:06  INFO     ▶️  2026-05-18 — Tom Holland…
13:08:14  INFO     ✔️  2026-05-17 — Andrew Garfield : ❌ Pas lui. (3/7 exacts, 1/7 partiels)
13:08:15  INFO     ✔️  2026-05-17 — Tobey Maguire : ❌ Pas lui. (3/7 exacts, 1/7 partiels)
13:08:19  INFO     ▶️  2026-05-18 — Andrew Garfield…
13:08:19  INFO     ▶️  2026-05-18 — Tobey Maguire…
13:08:22  INFO     ✔️  2026-05-18 — Tom Holland : ❌ Pas lui. (2/7 exacts, 1/7 partiels)
13:08:32  INFO     ▶️  2026-05-19 — Tom Holland…
13:08:36  INFO     ✔️  2026-05-18 — Andrew Garfield : ❌ Pas lui. (3/7 exacts, 1/7 partiels)
13:08:36  INFO     ✔️  2026-05-18 — Tobey Maguire : ❌ Pas lui. (3/7 exacts, 1/7 partiels)
13:08:44  INFO     ▶️  2026-05-19 — Andrew Garfield…
13:08:46  INFO     ▶️  2026-05-19 — Tobey Maguire…
13:08:49  INFO     ✔️  2026-05-19 — Tom Holland : ❌ Pas lui. (2/7 exacts, 1/7 partiels)
13:08:57  INFO     ▶️  2026-05-20 — Tom Holland…
13:09:01  INFO     ✔️  2026-05-19 — Andrew Garfield : ❌ Pas lui. (3/7 exacts, 1/7 partiels)
13:09:03  INFO     ✔️  2026-05-19 — Tobey Maguire : ❌ Pas lui. (3/7 exacts, 1/7 partiels)
13:09:06  INFO     ▶️  2026-05-20 — Andrew Garfield…
13:09:09  INFO     ▶️  2026-05-20 — Tobey Maguire…
13:09:13  INFO     ✔️  2026-05-20 — Tom Holland : ❌ Pas lui. (2/7 exacts, 1/7 partiels)
13:09:18  INFO     ▶️  2026-05-21 — Tom Holland…
13:09:23  INFO     ✔️  2026-05-20 — Andrew Garfield : ❌ Pas lui. (3/7 exacts, 1/7 partiels)
13:09:26  INFO     ✔️  2026-05-20 — Tobey Maguire : ❌ Pas lui. (3/7 exacts, 1/7 partiels)
13:09:29  INFO     ▶️  2026-05-21 — Andrew Garfield…
13:09:31  INFO     ▶️  2026-05-21 — Tobey Maguire…
13:09:34  INFO     ✔️  2026-05-21 — Tom Holland : ❌ Pas lui. (1/7 exacts, 1/7 partiels)
13:09:44  INFO     ▶️  2026-05-22 — Tom Holland…
13:09:46  INFO     ✔️  2026-05-21 — Andrew Garfield : ❌ Pas lui. (1/7 exacts, 1/7 partiels)
13:09:49  INFO     ✔️  2026-05-21 — Tobey Maguire : ❌ Pas lui. (1/7 exacts, 1/7 partiels)
13:09:53  INFO     ▶️  2026-05-22 — Andrew Garfield…
13:09:57  INFO     ▶️  2026-05-22 — Tobey Maguire…
13:10:01  INFO     ✔️  2026-05-22 — Tom Holland : ❌ Pas lui. (0/7 exacts, 1/7 partiels)
13:10:11  INFO     ✔️  2026-05-22 — Andrew Garfield : ❌ Pas lui. (0/7 exacts, 1/7 partiels)
13:10:11  INFO     ▶️  2026-05-23 — Tom Holland…
13:10:14  INFO     ✔️  2026-05-22 — Tobey Maguire : ❌ Pas lui. (0/7 exacts, 1/7 partiels)
13:10:20  INFO     ▶️  2026-05-23 — Andrew Garfield…
13:10:24  INFO     ▶️  2026-05-23 — Tobey Maguire…
13:10:28  INFO     ✔️  2026-05-23 — Tom Holland : ❌ Pas lui. (2/7 exacts, 0/7 partiels)
13:10:36  INFO     ▶️  2026-05-24 — Tom Holland…
13:10:37  INFO     ✔️  2026-05-23 — Andrew Garfield : ❌ Pas lui. (3/7 exacts, 0/7 partiels)
13:10:41  INFO     ✔️  2026-05-23 — Tobey Maguire : ❌ Pas lui. (3/7 exacts, 0/7 partiels)
13:10:44  INFO     ▶️  2026-05-24 — Andrew Garfield…
13:10:48  INFO     ▶️  2026-05-24 — Tobey Maguire…
13:10:53  INFO     ✔️  2026-05-24 — Tom Holland : ❌ Pas lui. (6/7 exacts, 0/7 partiels)
13:11:00  INFO     ▶️  2026-05-25 — Tom Holland…
13:11:02  INFO     ✔️  2026-05-24 — Andrew Garfield : ✅ C'est lui ! (7/7 exacts, 0/7 partiels)
13:11:05  INFO     ✔️  2026-05-24 — Tobey Maguire : ❌ Pas lui. (7/7 exacts, 0/7 partiels)
13:11:10  INFO     ▶️  2026-05-25 — Andrew Garfield…
13:11:11  INFO     ▶️  2026-05-25 — Tobey Maguire…
13:11:16  INFO     ✔️  2026-05-25 — Tom Holland : ❌ Pas lui. (2/7 exacts, 2/7 partiels)
13:11:26  INFO     ▶️  2026-05-26 — Tom Holland…
13:11:27  INFO     ✔️  2026-05-25 — Andrew Garfield : ❌ Pas lui. (3/7 exacts, 2/7 partiels)
13:11:29  INFO     ✔️  2026-05-25 — Tobey Maguire : ❌ Pas lui. (3/7 exacts, 2/7 partiels)
13:11:37  INFO     ▶️  2026-05-26 — Andrew Garfield…
13:11:37  INFO     ▶️  2026-05-26 — Tobey Maguire…
13:11:42  INFO     ✔️  2026-05-26 — Tom Holland : ❌ Pas lui. (1/7 exacts, 2/7 partiels)
13:11:49  INFO     ▶️  2026-05-27 — Tom Holland…
13:11:54  INFO     ✔️  2026-05-26 — Andrew Garfield : ❌ Pas lui. (2/7 exacts, 2/7 partiels)
13:11:55  INFO     ✔️  2026-05-26 — Tobey Maguire : ❌ Pas lui. (2/7 exacts, 2/7 partiels)
13:12:00  INFO     ▶️  2026-05-27 — Andrew Garfield…
13:12:01  INFO     ▶️  2026-05-27 — Tobey Maguire…
13:12:06  INFO     ✔️  2026-05-27 — Tom Holland : ❌ Pas lui. (4/7 exacts, 1/7 partiels)
13:12:14  INFO     ▶️  2026-05-28 — Tom Holland…
13:12:18  INFO     ✔️  2026-05-27 — Andrew Garfield : ❌ Pas lui. (5/7 exacts, 1/7 partiels)
13:12:18  INFO     ✔️  2026-05-27 — Tobey Maguire : ❌ Pas lui. (5/7 exacts, 1/7 partiels)
13:12:24  INFO     ▶️  2026-05-28 — Andrew Garfield…
13:12:27  INFO     ▶️  2026-05-28 — Tobey Maguire…
13:12:31  INFO     ✔️  2026-05-28 — Tom Holland : ❌ Pas lui. (2/7 exacts, 2/7 partiels)
13:12:35  INFO     ▶️  2026-05-29 — Tom Holland…
13:12:41  INFO     ✔️  2026-05-28 — Andrew Garfield : ❌ Pas lui. (2/7 exacts, 2/7 partiels)
13:12:44  INFO     ✔️  2026-05-28 — Tobey Maguire : ❌ Pas lui. (2/7 exacts, 2/7 partiels)
13:12:48  INFO     ▶️  2026-05-29 — Andrew Garfield…
13:12:52  INFO     ✔️  2026-05-29 — Tom Holland : ❌ Pas lui. (2/7 exacts, 0/7 partiels)
13:12:54  INFO     ▶️  2026-05-29 — Tobey Maguire…
13:12:57  INFO     ▶️  2026-05-30 — Tom Holland…
13:13:05  INFO     ✔️  2026-05-29 — Andrew Garfield : ❌ Pas lui. (2/7 exacts, 0/7 partiels)
13:13:11  INFO     ✔️  2026-05-29 — Tobey Maguire : ❌ Pas lui. (2/7 exacts, 0/7 partiels)
13:13:13  INFO     ▶️  2026-05-30 — Andrew Garfield…
13:13:15  INFO     ✔️  2026-05-30 — Tom Holland : ❌ Pas lui. (2/7 exacts, 1/7 partiels)
13:13:18  INFO     ▶️  2026-05-30 — Tobey Maguire…
13:13:23  INFO     ▶️  2026-05-31 — Tom Holland…
13:13:31  INFO     ✔️  2026-05-30 — Andrew Garfield : ❌ Pas lui. (2/7 exacts, 1/7 partiels)
13:13:35  INFO     ✔️  2026-05-30 — Tobey Maguire : ❌ Pas lui. (2/7 exacts, 1/7 partiels)
13:13:40  INFO     ✔️  2026-05-31 — Tom Holland : ❌ Pas lui. (3/7 exacts, 1/7 partiels)
13:13:40  INFO     ▶️  2026-05-31 — Andrew Garfield…
13:13:43  INFO     ▶️  2026-05-31 — Tobey Maguire…
13:13:48  INFO     ▶️  2026-06-01 — Tom Holland…
13:13:57  INFO     ✔️  2026-05-31 — Andrew Garfield : ❌ Pas lui. (4/7 exacts, 1/7 partiels)
13:14:00  INFO     ✔️  2026-05-31 — Tobey Maguire : ❌ Pas lui. (4/7 exacts, 1/7 partiels)
13:14:03  INFO     ▶️  2026-06-01 — Andrew Garfield…
13:14:05  INFO     ▶️  2026-06-01 — Tobey Maguire…
13:14:05  INFO     ✔️  2026-06-01 — Tom Holland : ❌ Pas lui. (2/7 exacts, 2/7 partiels)
13:14:13  INFO     ▶️  2026-06-02 — Tom Holland…
13:14:20  INFO     ✔️  2026-06-01 — Andrew Garfield : ❌ Pas lui. (2/7 exacts, 2/7 partiels)
13:14:22  INFO     ✔️  2026-06-01 — Tobey Maguire : ❌ Pas lui. (2/7 exacts, 2/7 partiels)
13:14:25  INFO     ▶️  2026-06-02 — Andrew Garfield…
13:14:27  INFO     ▶️  2026-06-02 — Tobey Maguire…
13:14:30  INFO     ✔️  2026-06-02 — Tom Holland : ❌ Pas lui. (4/7 exacts, 3/7 partiels)
13:14:38  INFO     ▶️  2026-06-03 — Tom Holland…
13:14:42  INFO     ✔️  2026-06-02 — Andrew Garfield : ❌ Pas lui. (4/7 exacts, 2/7 partiels)
13:14:44  INFO     ✔️  2026-06-02 — Tobey Maguire : ❌ Pas lui. (4/7 exacts, 2/7 partiels)
13:14:49  INFO     ▶️  2026-06-03 — Andrew Garfield…
13:14:51  INFO     ▶️  2026-06-03 — Tobey Maguire…
13:14:55  INFO     ✔️  2026-06-03 — Tom Holland : ❌ Pas lui. (1/7 exacts, 1/7 partiels)
13:15:00  INFO     ▶️  2026-06-04 — Tom Holland…
13:15:06  INFO     ✔️  2026-06-03 — Andrew Garfield : ❌ Pas lui. (1/7 exacts, 1/7 partiels)
13:15:08  INFO     ✔️  2026-06-03 — Tobey Maguire : ❌ Pas lui. (1/7 exacts, 1/7 partiels)
13:15:14  INFO     ▶️  2026-06-04 — Andrew Garfield…
13:15:16  INFO     ▶️  2026-06-04 — Tobey Maguire…
13:15:17  INFO     ✔️  2026-06-04 — Tom Holland : ❌ Pas lui. (3/7 exacts, 2/7 partiels)
13:15:23  INFO     ▶️  2026-06-05 — Tom Holland…
13:15:32  INFO     ✔️  2026-06-04 — Andrew Garfield : ❌ Pas lui. (4/7 exacts, 2/7 partiels)
13:15:33  INFO     ✔️  2026-06-04 — Tobey Maguire : ❌ Pas lui. (4/7 exacts, 2/7 partiels)
13:15:39  INFO     ▶️  2026-06-05 — Andrew Garfield…
13:15:40  INFO     ✔️  2026-06-05 — Tom Holland : ❌ Pas lui. (2/7 exacts, 2/7 partiels)
13:15:41  INFO     ▶️  2026-06-05 — Tobey Maguire…
13:15:49  INFO     ▶️  2026-06-06 — Tom Holland…
13:15:56  INFO     ✔️  2026-06-05 — Andrew Garfield : ❌ Pas lui. (2/7 exacts, 2/7 partiels)
13:15:58  INFO     ✔️  2026-06-05 — Tobey Maguire : ❌ Pas lui. (2/7 exacts, 2/7 partiels)
13:16:03  INFO     ▶️  2026-06-06 — Andrew Garfield…
13:16:05  INFO     ▶️  2026-06-06 — Tobey Maguire…
13:16:06  INFO     ✔️  2026-06-06 — Tom Holland : ❌ Pas lui. (1/7 exacts, 1/7 partiels)
13:16:15  INFO     ▶️  2026-06-07 — Tom Holland…
13:16:20  INFO     ✔️  2026-06-06 — Andrew Garfield : ❌ Pas lui. (1/7 exacts, 1/7 partiels)
13:16:22  INFO     ✔️  2026-06-06 — Tobey Maguire : ❌ Pas lui. (1/7 exacts, 1/7 partiels)
13:16:27  INFO     ▶️  2026-06-07 — Andrew Garfield…
13:16:30  INFO     ▶️  2026-06-07 — Tobey Maguire…
13:16:32  INFO     ✔️  2026-06-07 — Tom Holland : ❌ Pas lui. (3/7 exacts, 1/7 partiels)
13:16:39  INFO     ▶️  2026-06-08 — Tom Holland…
13:16:44  INFO     ✔️  2026-06-07 — Andrew Garfield : ❌ Pas lui. (4/7 exacts, 1/7 partiels)
13:16:48  INFO     ✔️  2026-06-07 — Tobey Maguire : ❌ Pas lui. (4/7 exacts, 1/7 partiels)
13:16:49  INFO     ▶️  2026-06-08 — Andrew Garfield…
13:16:56  INFO     ✔️  2026-06-08 — Tom Holland : ❌ Pas lui. (1/7 exacts, 2/7 partiels)
13:16:57  INFO     ▶️  2026-06-08 — Tobey Maguire…
13:17:03  INFO     ▶️  2026-06-09 — Tom Holland…
13:17:06  INFO     ✔️  2026-06-08 — Andrew Garfield : ❌ Pas lui. (1/7 exacts, 2/7 partiels)
13:17:14  INFO     ✔️  2026-06-08 — Tobey Maguire : ❌ Pas lui. (1/7 exacts, 2/7 partiels)
13:17:15  INFO     ▶️  2026-06-09 — Andrew Garfield…
13:17:19  INFO     ▶️  2026-06-09 — Tobey Maguire…
13:17:19  INFO     ✔️  2026-06-09 — Tom Holland : ❌ Pas lui. (2/7 exacts, 1/7 partiels)
13:17:29  INFO     ▶️  2026-06-10 — Tom Holland…
13:17:32  INFO     ✔️  2026-06-09 — Andrew Garfield : ❌ Pas lui. (3/7 exacts, 1/7 partiels)
13:17:36  INFO     ✔️  2026-06-09 — Tobey Maguire : ❌ Pas lui. (3/7 exacts, 1/7 partiels)
13:17:37  INFO     ▶️  2026-06-10 — Andrew Garfield…
13:17:42  INFO     ▶️  2026-06-10 — Tobey Maguire…
13:17:46  INFO     ✔️  2026-06-10 — Tom Holland : ❌ Pas lui. (3/7 exacts, 2/7 partiels)
13:17:51  INFO     ▶️  2026-06-11 — Tom Holland…
13:17:54  INFO     ✔️  2026-06-10 — Andrew Garfield : ❌ Pas lui. (4/7 exacts, 2/7 partiels)
13:17:59  INFO     ✔️  2026-06-10 — Tobey Maguire : ❌ Pas lui. (4/7 exacts, 2/7 partiels)
13:18:02  INFO     ▶️  2026-06-11 — Andrew Garfield…
13:18:03  INFO     ▶️  2026-06-11 — Tobey Maguire…
13:18:08  INFO     ✔️  2026-06-11 — Tom Holland : ❌ Pas lui. (2/7 exacts, 1/7 partiels)
13:18:16  INFO     ▶️  2026-06-12 — Tom Holland…
13:18:20  INFO     ✔️  2026-06-11 — Andrew Garfield : ❌ Pas lui. (3/7 exacts, 1/7 partiels)
13:18:21  INFO     ✔️  2026-06-11 — Tobey Maguire : ❌ Pas lui. (3/7 exacts, 1/7 partiels)
13:18:26  INFO     ▶️  2026-06-12 — Andrew Garfield…
13:18:27  INFO     ▶️  2026-06-12 — Tobey Maguire…
13:18:33  INFO     ✔️  2026-06-12 — Tom Holland : ❌ Pas lui. (1/7 exacts, 1/7 partiels)
13:18:38  INFO     ▶️  2026-06-13 — Tom Holland…
13:18:43  INFO     ✔️  2026-06-12 — Andrew Garfield : ❌ Pas lui. (2/7 exacts, 1/7 partiels)
13:18:45  INFO     ✔️  2026-06-12 — Tobey Maguire : ❌ Pas lui. (2/7 exacts, 1/7 partiels)
13:18:49  INFO     ▶️  2026-06-13 — Andrew Garfield…
13:18:52  INFO     ▶️  2026-06-13 — Tobey Maguire…
13:18:54  INFO     ✔️  2026-06-13 — Tom Holland : ❌ Pas lui. (2/7 exacts, 1/7 partiels)
13:19:04  INFO     ▶️  2026-06-14 — Tom Holland…
13:19:06  INFO     ✔️  2026-06-13 — Andrew Garfield : ❌ Pas lui. (2/7 exacts, 1/7 partiels)
13:19:09  INFO     ✔️  2026-06-13 — Tobey Maguire : ❌ Pas lui. (2/7 exacts, 1/7 partiels)
13:19:13  INFO     ▶️  2026-06-14 — Andrew Garfield…
13:19:16  INFO     ▶️  2026-06-14 — Tobey Maguire…
13:19:21  INFO     ✔️  2026-06-14 — Tom Holland : ❌ Pas lui. (3/7 exacts, 2/7 partiels)
13:19:27  INFO     ▶️  2026-06-15 — Tom Holland…
13:19:30  INFO     ✔️  2026-06-14 — Andrew Garfield : ❌ Pas lui. (3/7 exacts, 2/7 partiels)
13:19:33  INFO     ✔️  2026-06-14 — Tobey Maguire : ❌ Pas lui. (3/7 exacts, 2/7 partiels)
13:19:39  INFO     ▶️  2026-06-15 — Andrew Garfield…
13:19:41  INFO     ▶️  2026-06-15 — Tobey Maguire…
13:19:44  INFO     ✔️  2026-06-15 — Tom Holland : ❌ Pas lui. (4/7 exacts, 1/7 partiels)
13:19:51  INFO     ▶️  2026-06-16 — Tom Holland…
13:19:57  INFO     ✔️  2026-06-15 — Andrew Garfield : ❌ Pas lui. (4/7 exacts, 1/7 partiels)
13:19:58  INFO     ✔️  2026-06-15 — Tobey Maguire : ❌ Pas lui. (4/7 exacts, 1/7 partiels)
13:20:06  INFO     ▶️  2026-06-16 — Andrew Garfield…
13:20:07  INFO     ▶️  2026-06-16 — Tobey Maguire…
13:20:08  INFO     ✔️  2026-06-16 — Tom Holland : ❌ Pas lui. (1/7 exacts, 2/7 partiels)
13:20:12  INFO     ▶️  2026-06-17 — Tom Holland…
13:20:23  INFO     ✔️  2026-06-16 — Andrew Garfield : ❌ Pas lui. (1/7 exacts, 2/7 partiels)
13:20:24  INFO     ✔️  2026-06-16 — Tobey Maguire : ❌ Pas lui. (1/7 exacts, 2/7 partiels)
13:20:29  INFO     ✔️  2026-06-17 — Tom Holland : ❌ Pas lui. (2/7 exacts, 1/7 partiels)
13:20:29  INFO     ▶️  2026-06-17 — Andrew Garfield…
13:20:30  INFO     ▶️  2026-06-17 — Tobey Maguire…
13:20:34  INFO     ▶️  2026-06-18 — Tom Holland…
13:20:46  INFO     ✔️  2026-06-17 — Andrew Garfield : ❌ Pas lui. (2/7 exacts, 1/7 partiels)
13:20:47  INFO     ✔️  2026-06-17 — Tobey Maguire : ❌ Pas lui. (2/7 exacts, 1/7 partiels)
13:20:51  INFO     ✔️  2026-06-18 — Tom Holland : ❌ Pas lui. (3/7 exacts, 1/7 partiels)
13:20:51  INFO     ▶️  2026-06-18 — Andrew Garfield…
13:20:55  INFO     ▶️  2026-06-18 — Tobey Maguire…
13:20:58  INFO     ▶️  2026-06-19 — Tom Holland…
13:21:08  INFO     ✔️  2026-06-18 — Andrew Garfield : ❌ Pas lui. (4/7 exacts, 1/7 partiels)
13:21:12  INFO     ✔️  2026-06-18 — Tobey Maguire : ❌ Pas lui. (4/7 exacts, 1/7 partiels)
13:21:14  INFO     ▶️  2026-06-19 — Andrew Garfield…
13:21:14  INFO     ✔️  2026-06-19 — Tom Holland : ❌ Pas lui. (4/7 exacts, 0/7 partiels)
13:21:18  INFO     ▶️  2026-06-19 — Tobey Maguire…
13:21:21  INFO     ▶️  2026-06-20 — Tom Holland…
13:21:32  INFO     ✔️  2026-06-19 — Andrew Garfield : ❌ Pas lui. (5/7 exacts, 0/7 partiels)
13:21:36  INFO     ✔️  2026-06-19 — Tobey Maguire : ❌ Pas lui. (5/7 exacts, 0/7 partiels)
13:21:38  INFO     ✔️  2026-06-20 — Tom Holland : ❌ Pas lui. (2/7 exacts, 1/7 partiels)
13:21:40  INFO     ▶️  2026-06-20 — Andrew Garfield…
13:21:42  INFO     ▶️  2026-06-20 — Tobey Maguire…
13:21:44  INFO     ▶️  2026-06-21 — Tom Holland…
13:21:57  INFO     ✔️  2026-06-20 — Andrew Garfield : ❌ Pas lui. (3/7 exacts, 1/7 partiels)
13:21:59  INFO     ✔️  2026-06-20 — Tobey Maguire : ❌ Pas lui. (3/7 exacts, 1/7 partiels)
13:22:01  INFO     ✔️  2026-06-21 — Tom Holland : ❌ Pas lui. (3/7 exacts, 2/7 partiels)
13:22:04  INFO     ▶️  2026-06-21 — Andrew Garfield…
13:22:08  INFO     ▶️  2026-06-21 — Tobey Maguire…
13:22:09  INFO     ▶️  2026-06-22 — Tom Holland…
13:22:21  INFO     ✔️  2026-06-21 — Andrew Garfield : ❌ Pas lui. (3/7 exacts, 2/7 partiels)
13:22:25  INFO     ✔️  2026-06-21 — Tobey Maguire : ❌ Pas lui. (3/7 exacts, 2/7 partiels)
13:22:26  INFO     ✔️  2026-06-22 — Tom Holland : ❌ Pas lui. (2/7 exacts, 1/7 partiels)
13:22:30  INFO     ▶️  2026-06-22 — Andrew Garfield…
13:22:31  INFO     ▶️  2026-06-22 — Tobey Maguire…
13:22:34  INFO     ▶️  2026-06-23 — Tom Holland…
13:22:47  INFO     ✔️  2026-06-22 — Andrew Garfield : ❌ Pas lui. (3/7 exacts, 1/7 partiels)
13:22:48  INFO     ✔️  2026-06-22 — Tobey Maguire : ❌ Pas lui. (3/7 exacts, 1/7 partiels)
13:22:51  INFO     ✔️  2026-06-23 — Tom Holland : ❌ Pas lui. (1/7 exacts, 2/7 partiels)
13:22:55  INFO     ▶️  2026-06-23 — Andrew Garfield…
13:22:55  INFO     ▶️  2026-06-23 — Tobey Maguire…
13:22:56  INFO     ▶️  2026-06-24 — Tom Holland…
13:23:12  INFO     ✔️  2026-06-23 — Andrew Garfield : ❌ Pas lui. (2/7 exacts, 2/7 partiels)
13:23:13  INFO     ✔️  2026-06-23 — Tobey Maguire : ❌ Pas lui. (2/7 exacts, 2/7 partiels)
13:23:14  INFO     ✔️  2026-06-24 — Tom Holland : ❌ Pas lui. (2/7 exacts, 1/7 partiels)
13:23:17  INFO     ▶️  2026-06-24 — Andrew Garfield…
13:23:19  INFO     ▶️  2026-06-24 — Tobey Maguire…
13:23:23  INFO     ▶️  2026-06-25 — Tom Holland…
13:23:34  INFO     ✔️  2026-06-24 — Andrew Garfield : ❌ Pas lui. (2/7 exacts, 1/7 partiels)
13:23:36  INFO     ✔️  2026-06-24 — Tobey Maguire : ❌ Pas lui. (2/7 exacts, 1/7 partiels)
13:23:40  INFO     ✔️  2026-06-25 — Tom Holland : ❌ Pas lui. (2/7 exacts, 1/7 partiels)
13:23:43  INFO     ▶️  2026-06-25 — Andrew Garfield…
13:23:46  INFO     ▶️  2026-06-25 — Tobey Maguire…
13:23:50  INFO     ▶️  2026-06-26 — Tom Holland…
13:24:01  INFO     ✔️  2026-06-25 — Andrew Garfield : ❌ Pas lui. (2/7 exacts, 1/7 partiels)
13:24:03  INFO     ✔️  2026-06-25 — Tobey Maguire : ❌ Pas lui. (2/7 exacts, 1/7 partiels)
13:24:07  INFO     ✔️  2026-06-26 — Tom Holland : ❌ Pas lui. (4/7 exacts, 2/7 partiels)
13:24:07  INFO     ▶️  2026-06-26 — Andrew Garfield…
13:24:12  INFO     ▶️  2026-06-26 — Tobey Maguire…
13:24:13  INFO     ▶️  2026-06-27 — Tom Holland…
13:24:24  INFO     ✔️  2026-06-26 — Andrew Garfield : ❌ Pas lui. (4/7 exacts, 2/7 partiels)
13:24:29  INFO     ✔️  2026-06-26 — Tobey Maguire : ❌ Pas lui. (4/7 exacts, 2/7 partiels)
13:24:30  INFO     ✔️  2026-06-27 — Tom Holland : ❌ Pas lui. (2/7 exacts, 1/7 partiels)
13:24:33  INFO     ▶️  2026-06-27 — Andrew Garfield…
13:24:37  INFO     ▶️  2026-06-27 — Tobey Maguire…
13:24:39  INFO     ▶️  2026-06-28 — Tom Holland…
13:24:50  INFO     ✔️  2026-06-27 — Andrew Garfield : ❌ Pas lui. (3/7 exacts, 1/7 partiels)
13:24:55  INFO     ✔️  2026-06-27 — Tobey Maguire : ❌ Pas lui. (3/7 exacts, 1/7 partiels)
13:24:56  INFO     ✔️  2026-06-28 — Tom Holland : ❌ Pas lui. (2/7 exacts, 2/7 partiels)
13:24:58  INFO     ▶️  2026-06-28 — Andrew Garfield…
13:25:00  INFO     ▶️  2026-06-28 — Tobey Maguire…
13:25:05  INFO     ▶️  2026-06-29 — Tom Holland…
13:25:16  INFO     ✔️  2026-06-28 — Andrew Garfield : ❌ Pas lui. (2/7 exacts, 2/7 partiels)
13:25:17  INFO     ✔️  2026-06-28 — Tobey Maguire : ❌ Pas lui. (2/7 exacts, 2/7 partiels)
13:25:20  INFO     ▶️  2026-06-29 — Andrew Garfield…
13:25:22  INFO     ✔️  2026-06-29 — Tom Holland : ❌ Pas lui. (3/7 exacts, 1/7 partiels)
13:25:26  INFO     ▶️  2026-06-29 — Tobey Maguire…
13:25:27  INFO     ▶️  2026-06-30 — Tom Holland…
13:25:37  INFO     ✔️  2026-06-29 — Andrew Garfield : ❌ Pas lui. (3/7 exacts, 1/7 partiels)
13:25:43  INFO     ✔️  2026-06-29 — Tobey Maguire : ❌ Pas lui. (3/7 exacts, 1/7 partiels)
13:25:44  INFO     ✔️  2026-06-30 — Tom Holland : ❌ Pas lui. (4/7 exacts, 2/7 partiels)
13:25:47  INFO     ▶️  2026-06-30 — Andrew Garfield…
13:25:51  INFO     ▶️  2026-06-30 — Tobey Maguire…
13:25:53  INFO     ▶️  2026-07-01 — Tom Holland…
13:26:04  INFO     ✔️  2026-06-30 — Andrew Garfield : ❌ Pas lui. (3/7 exacts, 2/7 partiels)
13:26:08  INFO     ✔️  2026-06-30 — Tobey Maguire : ❌ Pas lui. (3/7 exacts, 2/7 partiels)
13:26:10  INFO     ✔️  2026-07-01 — Tom Holland : ❌ Pas lui. (2/7 exacts, 1/7 partiels)
13:26:13  INFO     ▶️  2026-07-01 — Andrew Garfield…
13:26:15  INFO     ▶️  2026-07-01 — Tobey Maguire…
13:26:17  INFO     ▶️  2026-07-02 — Tom Holland…
13:26:30  INFO     ✔️  2026-07-01 — Andrew Garfield : ❌ Pas lui. (3/7 exacts, 1/7 partiels)
13:26:32  INFO     ✔️  2026-07-01 — Tobey Maguire : ❌ Pas lui. (3/7 exacts, 1/7 partiels)
13:26:33  INFO     ✔️  2026-07-02 — Tom Holland : ❌ Pas lui. (2/7 exacts, 0/7 partiels)
13:26:34  INFO     ▶️  2026-07-02 — Andrew Garfield…
13:26:38  INFO     ▶️  2026-07-02 — Tobey Maguire…
13:26:41  INFO     ▶️  2026-07-03 — Tom Holland…
13:26:51  INFO     ✔️  2026-07-02 — Andrew Garfield : ❌ Pas lui. (2/7 exacts, 0/7 partiels)
13:26:55  INFO     ✔️  2026-07-02 — Tobey Maguire : ❌ Pas lui. (2/7 exacts, 0/7 partiels)
13:26:57  INFO     ✔️  2026-07-03 — Tom Holland : ❌ Pas lui. (5/7 exacts, 1/7 partiels)
13:26:58  INFO     ▶️  2026-07-03 — Andrew Garfield…
13:27:03  INFO     ▶️  2026-07-03 — Tobey Maguire…
13:27:04  INFO     ▶️  2026-07-04 — Tom Holland…
13:27:15  INFO     ✔️  2026-07-03 — Andrew Garfield : ❌ Pas lui. (5/7 exacts, 1/7 partiels)
13:27:19  INFO     ✔️  2026-07-03 — Tobey Maguire : ❌ Pas lui. (5/7 exacts, 1/7 partiels)
13:27:20  INFO     ✔️  2026-07-04 — Tom Holland : ❌ Pas lui. (2/7 exacts, 2/7 partiels)
13:27:20  INFO     ▶️  2026-07-04 — Andrew Garfield…
13:27:24  INFO     ▶️  2026-07-04 — Tobey Maguire…
13:27:26  INFO     ▶️  2026-07-05 — Tom Holland…
13:27:37  INFO     ✔️  2026-07-04 — Andrew Garfield : ❌ Pas lui. (2/7 exacts, 2/7 partiels)
13:27:41  INFO     ✔️  2026-07-04 — Tobey Maguire : ❌ Pas lui. (2/7 exacts, 2/7 partiels)
13:27:43  INFO     ✔️  2026-07-05 — Tom Holland : ❌ Pas lui. (2/7 exacts, 1/7 partiels)
13:27:45  INFO     ▶️  2026-07-05 — Andrew Garfield…
13:27:46  INFO     ▶️  2026-07-05 — Tobey Maguire…
13:27:52  INFO     ▶️  2026-07-06 — Tom Holland…
13:28:02  INFO     ✔️  2026-07-05 — Andrew Garfield : ❌ Pas lui. (2/7 exacts, 1/7 partiels)
13:28:03  INFO     ✔️  2026-07-05 — Tobey Maguire : ❌ Pas lui. (2/7 exacts, 1/7 partiels)
13:28:07  INFO     ▶️  2026-07-06 — Andrew Garfield…
13:28:09  INFO     ✔️  2026-07-06 — Tom Holland : ❌ Pas lui. (1/7 exacts, 1/7 partiels)
13:28:09  INFO     ▶️  2026-07-06 — Tobey Maguire…
13:28:13  INFO     ▶️  2026-07-07 — Tom Holland…
13:28:24  INFO     ✔️  2026-07-06 — Andrew Garfield : ❌ Pas lui. (1/7 exacts, 1/7 partiels)
13:28:26  INFO     ✔️  2026-07-06 — Tobey Maguire : ❌ Pas lui. (1/7 exacts, 1/7 partiels)
13:28:30  INFO     ▶️  2026-07-07 — Andrew Garfield…
13:28:30  INFO     ✔️  2026-07-07 — Tom Holland : ❌ Pas lui. (2/7 exacts, 1/7 partiels)
13:28:34  INFO     ▶️  2026-07-07 — Tobey Maguire…
13:28:38  INFO     ▶️  2026-07-08 — Tom Holland…
13:28:47  INFO     ✔️  2026-07-07 — Andrew Garfield : ❌ Pas lui. (2/7 exacts, 1/7 partiels)
13:28:51  INFO     ✔️  2026-07-07 — Tobey Maguire : ❌ Pas lui. (2/7 exacts, 1/7 partiels)
13:28:54  INFO     ▶️  2026-07-08 — Andrew Garfield…
13:28:55  INFO     ✔️  2026-07-08 — Tom Holland : ❌ Pas lui. (3/7 exacts, 3/7 partiels)
13:28:57  INFO     ▶️  2026-07-08 — Tobey Maguire…
13:29:02  INFO     ▶️  2026-07-09 — Tom Holland…
13:29:11  INFO     ✔️  2026-07-08 — Andrew Garfield : ❌ Pas lui. (3/7 exacts, 2/7 partiels)
13:29:15  INFO     ✔️  2026-07-08 — Tobey Maguire : ❌ Pas lui. (3/7 exacts, 2/7 partiels)
13:29:19  INFO     ✔️  2026-07-09 — Tom Holland : ❌ Pas lui. (3/7 exacts, 1/7 partiels)
13:29:19  INFO     ▶️  2026-07-09 — Andrew Garfield…
13:29:23  INFO     ▶️  2026-07-09 — Tobey Maguire…
13:29:23  INFO     ▶️  2026-07-10 — Tom Holland…
13:29:37  INFO     ✔️  2026-07-09 — Andrew Garfield : ❌ Pas lui. (4/7 exacts, 1/7 partiels)
13:29:40  INFO     ✔️  2026-07-10 — Tom Holland : ❌ Pas lui. (2/7 exacts, 1/7 partiels)
13:29:41  INFO     ✔️  2026-07-09 — Tobey Maguire : ❌ Pas lui. (4/7 exacts, 1/7 partiels)
13:29:45  INFO     ▶️  2026-07-10 — Andrew Garfield…
13:29:46  INFO     ▶️  2026-07-10 — Tobey Maguire…
13:29:46  INFO     ▶️  2026-07-11 — Tom Holland…
13:30:03  INFO     ✔️  2026-07-10 — Andrew Garfield : ❌ Pas lui. (2/7 exacts, 1/7 partiels)
13:30:03  INFO     ✔️  2026-07-10 — Tobey Maguire : ❌ Pas lui. (2/7 exacts, 1/7 partiels)
13:30:04  INFO     ✔️  2026-07-11 — Tom Holland : ❌ Pas lui. (3/7 exacts, 1/7 partiels)
13:30:09  INFO     ▶️  2026-07-11 — Andrew Garfield…
13:30:12  INFO     ▶️  2026-07-11 — Tobey Maguire…
13:30:13  INFO     ▶️  2026-07-12 — Tom Holland…
13:30:26  INFO     ✔️  2026-07-11 — Andrew Garfield : ❌ Pas lui. (4/7 exacts, 1/7 partiels)
13:30:29  INFO     ✔️  2026-07-11 — Tobey Maguire : ❌ Pas lui. (4/7 exacts, 1/7 partiels)
13:30:30  INFO     ✔️  2026-07-12 — Tom Holland : ❌ Pas lui. (4/7 exacts, 1/7 partiels)
13:30:32  INFO     ▶️  2026-07-12 — Andrew Garfield…
13:30:35  INFO     ▶️  2026-07-12 — Tobey Maguire…
13:30:36  INFO     ▶️  2026-07-13 — Tom Holland…
13:30:50  INFO     ✔️  2026-07-12 — Andrew Garfield : ❌ Pas lui. (4/7 exacts, 1/7 partiels)
13:30:53  INFO     ✔️  2026-07-13 — Tom Holland : ❌ Pas lui. (1/7 exacts, 2/7 partiels)
13:30:53  INFO     ✔️  2026-07-12 — Tobey Maguire : ❌ Pas lui. (4/7 exacts, 1/7 partiels)
13:30:57  INFO     ▶️  2026-07-13 — Andrew Garfield…
13:31:00  INFO     ▶️  2026-07-13 — Tobey Maguire…
13:31:01  INFO     ▶️  2026-07-14 — Tom Holland…
13:31:14  INFO     ✔️  2026-07-13 — Andrew Garfield : ❌ Pas lui. (1/7 exacts, 2/7 partiels)
13:31:18  INFO     ✔️  2026-07-13 — Tobey Maguire : ❌ Pas lui. (1/7 exacts, 2/7 partiels)
13:31:18  INFO     ✔️  2026-07-14 — Tom Holland : ❌ Pas lui. (3/7 exacts, 1/7 partiels)
13:31:22  INFO     ▶️  2026-07-14 — Andrew Garfield…
13:31:23  INFO     ▶️  2026-07-14 — Tobey Maguire…
13:31:26  INFO     ▶️  2026-07-15 — Tom Holland…
13:31:40  INFO     ✔️  2026-07-14 — Andrew Garfield : ❌ Pas lui. (4/7 exacts, 1/7 partiels)
13:31:41  INFO     ✔️  2026-07-14 — Tobey Maguire : ❌ Pas lui. (4/7 exacts, 1/7 partiels)
13:31:42  INFO     ✔️  2026-07-15 — Tom Holland : ❌ Pas lui. (2/7 exacts, 1/7 partiels)
13:31:47  INFO     ▶️  2026-07-15 — Andrew Garfield…
13:31:48  INFO     ▶️  2026-07-15 — Tobey Maguire…
13:31:49  INFO     ▶️  2026-07-16 — Tom Holland…
13:32:04  INFO     ✔️  2026-07-15 — Andrew Garfield : ❌ Pas lui. (3/7 exacts, 1/7 partiels)
13:32:06  INFO     ✔️  2026-07-15 — Tobey Maguire : ❌ Pas lui. (3/7 exacts, 1/7 partiels)
13:32:06  INFO     ✔️  2026-07-16 — Tom Holland : ❌ Pas lui. (1/7 exacts, 1/7 partiels)
13:32:11  INFO     ▶️  2026-07-16 — Andrew Garfield…
13:32:13  INFO     ▶️  2026-07-16 — Tobey Maguire…
13:32:14  INFO     ▶️  2026-07-17 — Tom Holland…
13:32:29  INFO     ✔️  2026-07-16 — Andrew Garfield : ❌ Pas lui. (2/7 exacts, 1/7 partiels)
13:32:31  INFO     ✔️  2026-07-17 — Tom Holland : ❌ Pas lui. (2/7 exacts, 1/7 partiels)
13:32:31  INFO     ✔️  2026-07-16 — Tobey Maguire : ❌ Pas lui. (2/7 exacts, 1/7 partiels)
13:32:35  INFO     ▶️  2026-07-17 — Andrew Garfield…
13:32:37  INFO     ▶️  2026-07-17 — Tobey Maguire…
13:32:40  INFO     ▶️  2026-07-18 — Tom Holland…
13:32:53  INFO     ✔️  2026-07-17 — Andrew Garfield : ❌ Pas lui. (3/7 exacts, 1/7 partiels)
13:32:54  INFO     ✔️  2026-07-17 — Tobey Maguire : ❌ Pas lui. (3/7 exacts, 1/7 partiels)
13:32:57  INFO     ✔️  2026-07-18 — Tom Holland : ❌ Pas lui. (5/7 exacts, 1/7 partiels)
13:32:58  INFO     ▶️  2026-07-18 — Andrew Garfield…
13:33:01  INFO     ▶️  2026-07-18 — Tobey Maguire…
13:33:02  INFO     ▶️  2026-07-19 — Tom Holland…
13:33:16  INFO     ✔️  2026-07-18 — Andrew Garfield : ❌ Pas lui. (5/7 exacts, 1/7 partiels)
13:33:18  INFO     ✔️  2026-07-18 — Tobey Maguire : ❌ Pas lui. (5/7 exacts, 1/7 partiels)
13:33:19  INFO     ✔️  2026-07-19 — Tom Holland : ❌ Pas lui. (2/7 exacts, 1/7 partiels)
13:33:23  INFO     ▶️  2026-07-19 — Andrew Garfield…
13:33:24  INFO     ▶️  2026-07-19 — Tobey Maguire…
13:33:25  INFO     ▶️  2026-07-20 — Tom Holland…
13:33:41  INFO     ✔️  2026-07-19 — Andrew Garfield : ❌ Pas lui. (3/7 exacts, 1/7 partiels)
13:33:41  INFO     ✔️  2026-07-19 — Tobey Maguire : ❌ Pas lui. (3/7 exacts, 1/7 partiels)
13:33:42  INFO     ✔️  2026-07-20 — Tom Holland : ❌ Pas lui. (2/7 exacts, 0/7 partiels)
13:33:48  INFO     ▶️  2026-07-20 — Andrew Garfield…
13:33:49  INFO     ▶️  2026-07-20 — Tobey Maguire…
13:33:51  INFO     ▶️  2026-07-21 — Tom Holland…
13:34:06  INFO     ✔️  2026-07-20 — Andrew Garfield : ❌ Pas lui. (2/7 exacts, 0/7 partiels)
13:34:06  INFO     ✔️  2026-07-20 — Tobey Maguire : ❌ Pas lui. (2/7 exacts, 0/7 partiels)
13:34:08  INFO     ✔️  2026-07-21 — Tom Holland : ❌ Pas lui. (1/7 exacts, 2/7 partiels)
13:34:11  INFO     ▶️  2026-07-21 — Andrew Garfield…
13:34:15  INFO     ▶️  2026-07-21 — Tobey Maguire…
13:34:18  INFO     ▶️  2026-07-22 — Tom Holland…
13:34:29  INFO     ✔️  2026-07-21 — Andrew Garfield : ❌ Pas lui. (1/7 exacts, 2/7 partiels)
13:34:32  INFO     ✔️  2026-07-21 — Tobey Maguire : ❌ Pas lui. (1/7 exacts, 2/7 partiels)
13:34:34  INFO     ▶️  2026-07-22 — Andrew Garfield…
13:34:35  INFO     ✔️  2026-07-22 — Tom Holland : ❌ Pas lui. (2/7 exacts, 2/7 partiels)
13:34:39  INFO     ▶️  2026-07-22 — Tobey Maguire…
13:34:40  INFO     ▶️  2026-07-23 — Tom Holland…
13:34:51  INFO     ✔️  2026-07-22 — Andrew Garfield : ❌ Pas lui. (2/7 exacts, 2/7 partiels)
13:34:56  INFO     ✔️  2026-07-22 — Tobey Maguire : ❌ Pas lui. (2/7 exacts, 2/7 partiels)
13:34:57  INFO     ✔️  2026-07-23 — Tom Holland : ❌ Pas lui. (3/7 exacts, 1/7 partiels)
13:34:59  INFO     ▶️  2026-07-23 — Andrew Garfield…
13:35:01  INFO     ▶️  2026-07-23 — Tobey Maguire…
13:35:06  INFO     ▶️  2026-07-24 — Tom Holland…
13:35:16  INFO     ✔️  2026-07-23 — Andrew Garfield : ❌ Pas lui. (4/7 exacts, 1/7 partiels)
13:35:18  INFO     ✔️  2026-07-23 — Tobey Maguire : ❌ Pas lui. (4/7 exacts, 1/7 partiels)
13:35:23  INFO     ✔️  2026-07-24 — Tom Holland : ❌ Pas lui. (0/7 exacts, 1/7 partiels)
13:35:23  INFO     ▶️  2026-07-24 — Andrew Garfield…
13:35:25  INFO     ▶️  2026-07-24 — Tobey Maguire…
13:35:33  INFO     ▶️  2026-07-25 — Tom Holland…
13:35:40  INFO     ✔️  2026-07-24 — Andrew Garfield : ❌ Pas lui. (1/7 exacts, 1/7 partiels)
13:35:42  INFO     ✔️  2026-07-24 — Tobey Maguire : ❌ Pas lui. (1/7 exacts, 1/7 partiels)
13:35:45  INFO     ▶️  2026-07-25 — Andrew Garfield…
13:35:47  INFO     ▶️  2026-07-25 — Tobey Maguire…
13:35:50  INFO     ✔️  2026-07-25 — Tom Holland : ❌ Pas lui. (1/7 exacts, 1/7 partiels)
13:35:58  INFO     ▶️  2026-07-26 — Tom Holland…
13:36:02  INFO     ✔️  2026-07-25 — Andrew Garfield : ❌ Pas lui. (1/7 exacts, 1/7 partiels)
13:36:04  INFO     ✔️  2026-07-25 — Tobey Maguire : ❌ Pas lui. (1/7 exacts, 1/7 partiels)
13:36:10  INFO     ▶️  2026-07-26 — Andrew Garfield…
13:36:11  INFO     ▶️  2026-07-26 — Tobey Maguire…
13:36:15  INFO     ✔️  2026-07-26 — Tom Holland : ❌ Pas lui. (2/7 exacts, 1/7 partiels)
13:36:25  INFO     ▶️  2026-07-27 — Tom Holland…
13:36:27  INFO     ✔️  2026-07-26 — Andrew Garfield : ❌ Pas lui. (3/7 exacts, 1/7 partiels)
13:36:28  INFO     ✔️  2026-07-26 — Tobey Maguire : ❌ Pas lui. (3/7 exacts, 1/7 partiels)
13:36:33  INFO     ▶️  2026-07-27 — Andrew Garfield…
13:36:38  INFO     ▶️  2026-07-27 — Tobey Maguire…
13:36:41  INFO     ✔️  2026-07-27 — Tom Holland : ❌ Pas lui. (2/7 exacts, 1/7 partiels)
13:36:51  INFO     ✔️  2026-07-27 — Andrew Garfield : ❌ Pas lui. (3/7 exacts, 1/7 partiels)
13:36:51  INFO     ▶️  2026-07-28 — Tom Holland…
13:36:55  INFO     ✔️  2026-07-27 — Tobey Maguire : ❌ Pas lui. (3/7 exacts, 1/7 partiels)
13:37:00  INFO     ▶️  2026-07-28 — Andrew Garfield…
13:37:00  INFO     ▶️  2026-07-28 — Tobey Maguire…
13:37:08  INFO     ✔️  2026-07-28 — Tom Holland : ❌ Pas lui. (3/7 exacts, 1/7 partiels)
13:37:16  INFO     ▶️  2026-07-29 — Tom Holland…
13:37:17  INFO     ✔️  2026-07-28 — Andrew Garfield : ❌ Pas lui. (3/7 exacts, 1/7 partiels)
13:37:17  INFO     ✔️  2026-07-28 — Tobey Maguire : ❌ Pas lui. (3/7 exacts, 1/7 partiels)
13:37:21  INFO     ▶️  2026-07-29 — Andrew Garfield…
13:37:26  INFO     ▶️  2026-07-29 — Tobey Maguire…
13:37:32  INFO     ✔️  2026-07-29 — Tom Holland : ❌ Pas lui. (3/7 exacts, 1/7 partiels)
13:37:38  INFO     ✔️  2026-07-29 — Andrew Garfield : ❌ Pas lui. (3/7 exacts, 1/7 partiels)
13:37:41  INFO     ▶️  2026-07-30 — Tom Holland…
13:37:42  INFO     ✔️  2026-07-29 — Tobey Maguire : ❌ Pas lui. (3/7 exacts, 1/7 partiels)
13:37:47  INFO     ▶️  2026-07-30 — Andrew Garfield…
13:37:47  INFO     ▶️  2026-07-30 — Tobey Maguire…
13:38:03  INFO     ✔️  2026-07-30 — Tom Holland : ❌ Pas lui. (2/7 exacts, 2/7 partiels)
13:38:04  INFO     ✔️  2026-07-30 — Andrew Garfield : ❌ Pas lui. (2/7 exacts, 2/7 partiels)
13:38:08  INFO     ✔️  2026-07-30 — Tobey Maguire : ❌ Pas lui. (2/7 exacts, 2/7 partiels)
13:38:11  INFO     ▶️  2026-07-31 — Tom Holland…
13:38:11  INFO     ▶️  2026-07-31 — Andrew Garfield…
13:38:14  INFO     ▶️  2026-07-31 — Tobey Maguire…
13:38:27  INFO     ✔️  2026-07-31 — Tom Holland : ❌ Pas lui. (5/7 exacts, 0/7 partiels)
13:38:27  INFO     ✔️  2026-07-31 — Andrew Garfield : ❌ Pas lui. (5/7 exacts, 0/7 partiels)
13:38:30  INFO     ✔️  2026-07-31 — Tobey Maguire : ❌ Pas lui. (5/7 exacts, 0/7 partiels)
13:38:34  INFO     ▶️  2026-08-01 — Tom Holland…
13:38:36  INFO     ▶️  2026-08-01 — Andrew Garfield…
13:38:38  INFO     ▶️  2026-08-01 — Tobey Maguire…
13:38:50  INFO     ✔️  2026-08-01 — Tom Holland : ❌ Pas lui. (4/7 exacts, 2/7 partiels)
13:38:53  INFO     ✔️  2026-08-01 — Andrew Garfield : ❌ Pas lui. (5/7 exacts, 2/7 partiels)
13:38:54  INFO     ✔️  2026-08-01 — Tobey Maguire : ❌ Pas lui. (5/7 exacts, 2/7 partiels)
13:38:57  INFO     ▶️  2026-08-02 — Tom Holland…
13:38:58  INFO     ▶️  2026-08-02 — Andrew Garfield…
13:39:03  INFO     ▶️  2026-08-02 — Tobey Maguire…
13:39:13  INFO     ✔️  2026-08-02 — Tom Holland : ❌ Pas lui. (4/7 exacts, 2/7 partiels)
13:39:16  INFO     ✔️  2026-08-02 — Andrew Garfield : ❌ Pas lui. (4/7 exacts, 2/7 partiels)
13:39:22  INFO     ▶️  2026-08-03 — Tom Holland…
13:39:23  INFO     ▶️  2026-08-03 — Andrew Garfield…
13:39:24  INFO     ✔️  2026-08-02 — Tobey Maguire : ❌ Pas lui. (4/7 exacts, 2/7 partiels)
13:39:33  INFO     ▶️  2026-08-03 — Tobey Maguire…
13:39:38  INFO     ✔️  2026-08-03 — Tom Holland : ❌ Pas lui. (2/7 exacts, 1/7 partiels)
13:39:39  INFO     ✔️  2026-08-03 — Andrew Garfield : ❌ Pas lui. (3/7 exacts, 1/7 partiels)
13:39:44  INFO     ▶️  2026-08-04 — Tom Holland…
13:39:47  INFO     ▶️  2026-08-04 — Andrew Garfield…
13:39:49  INFO     ✔️  2026-08-03 — Tobey Maguire : ❌ Pas lui. (3/7 exacts, 1/7 partiels)
13:39:58  INFO     ▶️  2026-08-04 — Tobey Maguire…
13:40:00  INFO     ✔️  2026-08-04 — Tom Holland : ❌ Pas lui. (5/7 exacts, 1/7 partiels)
13:40:03  ERROR      ❌ Erreur (Andrew Garfield, 2026-08-04) : Page.wait_for_selector: Timeout 10000ms exceeded.
Call log:
  - waiting for locator("span.option-name:text-is('Spider-Man (Rageful Vigilante Spider-Man Universe)')") to be visible
    25 × locator resolved to hidden <span class="option-name" _ngcontent-ng-c2747783680="">Spider-Man (Rageful Vigilante Spider-Man Universe)</span>

13:40:03  INFO       🔄 Retry #1 dans 4.4s…
13:40:09  INFO     ▶️  2026-08-05 — Tom Holland…
13:40:15  INFO     ✔️  2026-08-04 — Tobey Maguire : ❌ Pas lui. (5/7 exacts, 1/7 partiels)
13:40:22  INFO     ▶️  2026-08-05 — Andrew Garfield…
13:40:24  INFO     ✔️  2026-08-04 — Andrew Garfield : ❌ Pas lui. (5/7 exacts, 1/7 partiels)
13:40:26  INFO     ✔️  2026-08-05 — Tom Holland : ❌ Pas lui. (2/7 exacts, 1/7 partiels)
13:40:32  INFO     ▶️  2026-08-05 — Tobey Maguire…
13:40:35  INFO     ▶️  2026-08-06 — Tom Holland…
13:40:42  INFO     ✔️  2026-08-05 — Andrew Garfield : ❌ Pas lui. (2/7 exacts, 1/7 partiels)
13:40:49  INFO     ✔️  2026-08-05 — Tobey Maguire : ❌ Pas lui. (2/7 exacts, 1/7 partiels)
13:40:50  INFO     ▶️  2026-08-06 — Andrew Garfield…
13:40:51  INFO     ✔️  2026-08-06 — Tom Holland : ❌ Pas lui. (3/7 exacts, 1/7 partiels)
13:40:55  INFO     ▶️  2026-08-06 — Tobey Maguire…
13:40:57  INFO     ▶️  2026-08-07 — Tom Holland…
13:41:06  ERROR      ❌ Erreur (Andrew Garfield, 2026-08-06) : Page.wait_for_selector: Timeout 10000ms exceeded.
Call log:
  - waiting for locator("span.option-name:text-is('Spider-Man (Rageful Vigilante Spider-Man Universe)')") to be visible
    25 × locator resolved to hidden <span class="option-name" _ngcontent-ng-c2747783680="">Spider-Man (Rageful Vigilante Spider-Man Universe)</span>

13:41:06  INFO       🔄 Retry #1 dans 3.5s…
13:41:12  INFO     ✔️  2026-08-06 — Tobey Maguire : ❌ Pas lui. (3/7 exacts, 1/7 partiels)
13:41:13  INFO     ✔️  2026-08-07 — Tom Holland : ❌ Pas lui. (1/7 exacts, 2/7 partiels)
13:41:19  INFO     ▶️  2026-08-07 — Andrew Garfield…
13:41:19  INFO     ▶️  2026-08-07 — Tobey Maguire…
13:41:26  INFO     ✔️  2026-08-06 — Andrew Garfield : ❌ Pas lui. (3/7 exacts, 1/7 partiels)
13:41:31  INFO     ▶️  2026-08-08 — Tom Holland…
13:41:35  INFO     ✔️  2026-08-07 — Andrew Garfield : ❌ Pas lui. (1/7 exacts, 2/7 partiels)
13:41:36  INFO     ✔️  2026-08-07 — Tobey Maguire : ❌ Pas lui. (1/7 exacts, 2/7 partiels)
13:41:40  INFO     ▶️  2026-08-08 — Andrew Garfield…
13:41:41  INFO     ▶️  2026-08-08 — Tobey Maguire…
13:41:47  INFO     ✔️  2026-08-08 — Tom Holland : ❌ Pas lui. (2/7 exacts, 1/7 partiels)
13:41:57  INFO     ✔️  2026-08-08 — Andrew Garfield : ❌ Pas lui. (3/7 exacts, 1/7 partiels)
13:41:57  INFO     ▶️  2026-08-09 — Tom Holland…
13:41:58  INFO     ✔️  2026-08-08 — Tobey Maguire : ❌ Pas lui. (3/7 exacts, 1/7 partiels)
13:42:03  INFO     ▶️  2026-08-09 — Andrew Garfield…
13:42:04  INFO     ▶️  2026-08-09 — Tobey Maguire…
13:42:13  INFO     ✔️  2026-08-09 — Tom Holland : ❌ Pas lui. (1/7 exacts, 0/7 partiels)
13:42:20  INFO     ✔️  2026-08-09 — Andrew Garfield : ❌ Pas lui. (2/7 exacts, 0/7 partiels)
13:42:21  INFO     ✔️  2026-08-09 — Tobey Maguire : ❌ Pas lui. (2/7 exacts, 0/7 partiels)
13:42:22  INFO     ▶️  2026-08-10 — Tom Holland…
13:42:26  INFO     ▶️  2026-08-10 — Andrew Garfield…
13:42:27  INFO     ▶️  2026-08-10 — Tobey Maguire…
13:42:38  INFO     ✔️  2026-08-10 — Tom Holland : ❌ Pas lui. (2/7 exacts, 1/7 partiels)
13:42:42  INFO     ✔️  2026-08-10 — Andrew Garfield : ❌ Pas lui. (3/7 exacts, 1/7 partiels)
13:42:43  INFO     ▶️  2026-08-11 — Tom Holland…
13:42:44  INFO     ✔️  2026-08-10 — Tobey Maguire : ❌ Pas lui. (3/7 exacts, 1/7 partiels)
13:42:48  INFO     ▶️  2026-08-11 — Andrew Garfield…
13:42:52  INFO     ▶️  2026-08-11 — Tobey Maguire…
13:42:59  INFO     ✔️  2026-08-11 — Tom Holland : ❌ Pas lui. (3/7 exacts, 1/7 partiels)
13:43:05  INFO     ✔️  2026-08-11 — Andrew Garfield : ❌ Pas lui. (4/7 exacts, 1/7 partiels)
13:43:06  INFO     ▶️  2026-08-12 — Tom Holland…
13:43:08  INFO     ✔️  2026-08-11 — Tobey Maguire : ❌ Pas lui. (4/7 exacts, 1/7 partiels)
13:43:09  INFO     ▶️  2026-08-12 — Andrew Garfield…
13:43:15  INFO     ▶️  2026-08-12 — Tobey Maguire…
13:43:22  INFO     ✔️  2026-08-12 — Tom Holland : ❌ Pas lui. (2/7 exacts, 1/7 partiels)
13:43:26  INFO     ✔️  2026-08-12 — Andrew Garfield : ❌ Pas lui. (3/7 exacts, 1/7 partiels)
13:43:27  INFO     ▶️  2026-08-13 — Tom Holland…
13:43:32  INFO     ▶️  2026-08-13 — Andrew Garfield…
13:43:32  INFO     ✔️  2026-08-12 — Tobey Maguire : ❌ Pas lui. (3/7 exacts, 1/7 partiels)
13:43:39  INFO     ▶️  2026-08-13 — Tobey Maguire…
13:43:43  INFO     ✔️  2026-08-13 — Tom Holland : ❌ Pas lui. (1/7 exacts, 1/7 partiels)
13:43:48  INFO     ✔️  2026-08-13 — Andrew Garfield : ❌ Pas lui. (2/7 exacts, 1/7 partiels)
13:43:49  INFO     ▶️  2026-08-14 — Tom Holland…
13:43:54  INFO     ▶️  2026-08-14 — Andrew Garfield…
13:43:56  INFO     ✔️  2026-08-13 — Tobey Maguire : ❌ Pas lui. (2/7 exacts, 1/7 partiels)
13:44:00  INFO     ▶️  2026-08-14 — Tobey Maguire…
13:44:04  ERROR      ❌ Erreur (Tom Holland, 2026-08-14) : Page.wait_for_selector: Timeout 10000ms exceeded.
Call log:
  - waiting for locator("span.option-name:text-is('Spider-Man')") to be visible
    25 × locator resolved to hidden <span class="option-name" _ngcontent-ng-c2747783680="">Spider-Man</span>

13:44:04  INFO       🔄 Retry #1 dans 4.4s…
13:44:15  INFO     ✔️  2026-08-14 — Andrew Garfield : ❌ Pas lui. (3/7 exacts, 1/7 partiels)
13:44:17  INFO     ✔️  2026-08-14 — Tobey Maguire : ❌ Pas lui. (3/7 exacts, 1/7 partiels)
13:44:22  INFO     ▶️  2026-08-15 — Tom Holland…
13:44:24  INFO     ▶️  2026-08-15 — Andrew Garfield…
13:44:29  INFO     ✔️  2026-08-14 — Tom Holland : ❌ Pas lui. (2/7 exacts, 1/7 partiels)
13:44:39  INFO     ▶️  2026-08-15 — Tobey Maguire…
13:44:42  INFO     ✔️  2026-08-15 — Tom Holland : ❌ Pas lui. (4/7 exacts, 1/7 partiels)
13:44:45  INFO     ✔️  2026-08-15 — Andrew Garfield : ❌ Pas lui. (4/7 exacts, 1/7 partiels)
13:44:52  INFO     ▶️  2026-08-16 — Tom Holland…
13:44:54  INFO     ▶️  2026-08-16 — Andrew Garfield…
13:44:55  INFO     ✔️  2026-08-15 — Tobey Maguire : ❌ Pas lui. (4/7 exacts, 1/7 partiels)
13:45:03  INFO     ▶️  2026-08-16 — Tobey Maguire…
13:45:08  INFO     ✔️  2026-08-16 — Tom Holland : ❌ Pas lui. (6/7 exacts, 0/7 partiels)
13:45:11  INFO     ✔️  2026-08-16 — Andrew Garfield : ❌ Pas lui. (7/7 exacts, 0/7 partiels)
13:45:12  INFO     ▶️  2026-08-17 — Tom Holland…
13:45:16  INFO     ▶️  2026-08-17 — Andrew Garfield…
13:45:20  INFO     ✔️  2026-08-16 — Tobey Maguire : ✅ C'est lui ! (7/7 exacts, 0/7 partiels)
13:45:28  INFO     ▶️  2026-08-17 — Tobey Maguire…
13:45:28  INFO     ✔️  2026-08-17 — Tom Holland : ❌ Pas lui. (1/7 exacts, 1/7 partiels)
13:45:32  INFO     ✔️  2026-08-17 — Andrew Garfield : ❌ Pas lui. (1/7 exacts, 1/7 partiels)
13:45:35  INFO     ▶️  2026-08-18 — Tom Holland…
13:45:42  INFO     ▶️  2026-08-18 — Andrew Garfield…
13:45:48  INFO     ✔️  2026-08-17 — Tobey Maguire : ❌ Pas lui. (1/7 exacts, 1/7 partiels)
13:45:51  INFO     ✔️  2026-08-18 — Tom Holland : ❌ Pas lui. (3/7 exacts, 1/7 partiels)
13:45:57  INFO     ▶️  2026-08-18 — Tobey Maguire…
13:45:59  INFO     ✔️  2026-08-18 — Andrew Garfield : ❌ Pas lui. (3/7 exacts, 1/7 partiels)
13:46:00  INFO     ▶️  2026-08-19 — Tom Holland…
13:46:03  INFO     ▶️  2026-08-19 — Andrew Garfield…
13:46:14  INFO     ✔️  2026-08-18 — Tobey Maguire : ❌ Pas lui. (3/7 exacts, 1/7 partiels)
13:46:18  INFO     ✔️  2026-08-19 — Tom Holland : ❌ Pas lui. (2/7 exacts, 2/7 partiels)
13:46:20  INFO     ✔️  2026-08-19 — Andrew Garfield : ❌ Pas lui. (2/7 exacts, 2/7 partiels)
13:46:20  INFO     ▶️  2026-08-19 — Tobey Maguire…
13:46:24  INFO     ▶️  2026-08-20 — Tom Holland…
13:46:28  INFO     ▶️  2026-08-20 — Andrew Garfield…
13:46:37  INFO     ✔️  2026-08-19 — Tobey Maguire : ❌ Pas lui. (2/7 exacts, 2/7 partiels)
13:46:41  INFO     ✔️  2026-08-20 — Tom Holland : ❌ Pas lui. (0/7 exacts, 0/7 partiels)
13:46:41  INFO     ▶️  2026-08-20 — Tobey Maguire…
13:46:44  INFO     ✔️  2026-08-20 — Andrew Garfield : ❌ Pas lui. (0/7 exacts, 0/7 partiels)
13:46:46  INFO     ▶️  2026-08-21 — Tom Holland…
13:46:52  INFO     ▶️  2026-08-21 — Andrew Garfield…
13:46:58  INFO     ✔️  2026-08-20 — Tobey Maguire : ❌ Pas lui. (0/7 exacts, 0/7 partiels)
13:47:02  INFO     ✔️  2026-08-21 — Tom Holland : ❌ Pas lui. (3/7 exacts, 3/7 partiels)
13:47:06  INFO     ▶️  2026-08-21 — Tobey Maguire…
13:47:09  INFO     ✔️  2026-08-21 — Andrew Garfield : ❌ Pas lui. (3/7 exacts, 2/7 partiels)
13:47:10  INFO     ▶️  2026-08-22 — Tom Holland…
13:47:13  INFO     ▶️  2026-08-22 — Andrew Garfield…
13:47:23  INFO     ✔️  2026-08-21 — Tobey Maguire : ❌ Pas lui. (3/7 exacts, 2/7 partiels)
13:47:26  INFO     ✔️  2026-08-22 — Tom Holland : ❌ Pas lui. (3/7 exacts, 2/7 partiels)
13:47:28  INFO     ▶️  2026-08-22 — Tobey Maguire…
13:47:34  INFO     ✔️  2026-08-22 — Andrew Garfield : ❌ Pas lui. (3/7 exacts, 2/7 partiels)
13:47:34  INFO     ▶️  2026-08-23 — Tom Holland…
13:47:41  INFO     ▶️  2026-08-23 — Andrew Garfield…
13:47:45  INFO     ✔️  2026-08-22 — Tobey Maguire : ❌ Pas lui. (3/7 exacts, 2/7 partiels)
13:47:50  INFO     ✔️  2026-08-23 — Tom Holland : ❌ Pas lui. (2/7 exacts, 0/7 partiels)
13:47:54  INFO     ▶️  2026-08-23 — Tobey Maguire…
13:47:57  INFO     ▶️  2026-08-24 — Tom Holland…
13:47:58  INFO     ✔️  2026-08-23 — Andrew Garfield : ❌ Pas lui. (3/7 exacts, 0/7 partiels)
13:48:05  INFO     ▶️  2026-08-24 — Andrew Garfield…
13:48:10  INFO     ✔️  2026-08-23 — Tobey Maguire : ❌ Pas lui. (3/7 exacts, 0/7 partiels)
13:48:13  INFO     ✔️  2026-08-24 — Tom Holland : ❌ Pas lui. (2/7 exacts, 2/7 partiels)
13:48:19  INFO     ▶️  2026-08-24 — Tobey Maguire…
13:48:21  INFO     ▶️  2026-08-25 — Tom Holland…
13:48:21  INFO     ✔️  2026-08-24 — Andrew Garfield : ❌ Pas lui. (2/7 exacts, 2/7 partiels)
13:48:28  INFO     ▶️  2026-08-25 — Andrew Garfield…
13:48:35  INFO     ✔️  2026-08-24 — Tobey Maguire : ❌ Pas lui. (2/7 exacts, 2/7 partiels)
13:48:37  INFO     ✔️  2026-08-25 — Tom Holland : ❌ Pas lui. (4/7 exacts, 2/7 partiels)
13:48:40  INFO     ▶️  2026-08-25 — Tobey Maguire…
13:48:44  INFO     ✔️  2026-08-25 — Andrew Garfield : ❌ Pas lui. (4/7 exacts, 2/7 partiels)
13:48:45  INFO     ▶️  2026-08-26 — Tom Holland…
13:48:50  INFO     ▶️  2026-08-26 — Andrew Garfield…
13:48:56  INFO     ✔️  2026-08-25 — Tobey Maguire : ❌ Pas lui. (4/7 exacts, 2/7 partiels)
13:49:01  INFO     ✔️  2026-08-26 — Tom Holland : ❌ Pas lui. (3/7 exacts, 1/7 partiels)
13:49:05  INFO     ▶️  2026-08-26 — Tobey Maguire…
13:49:07  INFO     ✔️  2026-08-26 — Andrew Garfield : ❌ Pas lui. (3/7 exacts, 1/7 partiels)
13:49:10  INFO     ▶️  2026-08-27 — Tom Holland…
13:49:15  INFO     ▶️  2026-08-27 — Andrew Garfield…
13:49:21  INFO     ✔️  2026-08-26 — Tobey Maguire : ❌ Pas lui. (3/7 exacts, 1/7 partiels)
13:49:26  INFO     ✔️  2026-08-27 — Tom Holland : ❌ Pas lui. (4/7 exacts, 1/7 partiels)
13:49:26  INFO     ▶️  2026-08-27 — Tobey Maguire…
13:49:32  INFO     ✔️  2026-08-27 — Andrew Garfield : ❌ Pas lui. (4/7 exacts, 1/7 partiels)
13:49:32  INFO     ▶️  2026-08-28 — Tom Holland…
13:49:36  INFO     ▶️  2026-08-28 — Andrew Garfield…
13:49:43  INFO     ✔️  2026-08-27 — Tobey Maguire : ❌ Pas lui. (4/7 exacts, 1/7 partiels)
13:49:48  INFO     ✔️  2026-08-28 — Tom Holland : ❌ Pas lui. (4/7 exacts, 1/7 partiels)
13:49:50  INFO     ▶️  2026-08-28 — Tobey Maguire…
13:49:52  INFO     ✔️  2026-08-28 — Andrew Garfield : ❌ Pas lui. (5/7 exacts, 1/7 partiels)
13:49:56  INFO     ▶️  2026-08-29 — Tom Holland…
13:49:59  INFO     ▶️  2026-08-29 — Andrew Garfield…
13:50:06  INFO     ✔️  2026-08-28 — Tobey Maguire : ❌ Pas lui. (5/7 exacts, 1/7 partiels)
13:50:12  INFO     ✔️  2026-08-29 — Tom Holland : ❌ Pas lui. (2/7 exacts, 1/7 partiels)
13:50:14  INFO     ▶️  2026-08-29 — Tobey Maguire…
13:50:15  INFO     ✔️  2026-08-29 — Andrew Garfield : ❌ Pas lui. (3/7 exacts, 1/7 partiels)
13:50:20  INFO     ▶️  2026-08-30 — Tom Holland…
13:50:21  INFO     ▶️  2026-08-30 — Andrew Garfield…
13:50:30  INFO     ✔️  2026-08-29 — Tobey Maguire : ❌ Pas lui. (3/7 exacts, 1/7 partiels)
13:50:35  INFO     ▶️  2026-08-30 — Tobey Maguire…
13:50:36  INFO     ✔️  2026-08-30 — Tom Holland : ❌ Pas lui. (3/7 exacts, 1/7 partiels)
13:50:38  INFO     ✔️  2026-08-30 — Andrew Garfield : ❌ Pas lui. (3/7 exacts, 1/7 partiels)
13:50:42  INFO     ▶️  2026-08-31 — Tom Holland…
13:50:46  INFO     ▶️  2026-08-31 — Andrew Garfield…
13:50:51  INFO     ✔️  2026-08-30 — Tobey Maguire : ❌ Pas lui. (3/7 exacts, 1/7 partiels)
13:50:58  INFO     ✔️  2026-08-31 — Tom Holland : ❌ Pas lui. (3/7 exacts, 3/7 partiels)
13:50:58  INFO     ▶️  2026-08-31 — Tobey Maguire…
13:50:59  ERROR      ❌ Erreur (Tobey Maguire, 2026-08-31) : Page.goto: net::ERR_CONNECTION_FAILED at https://marveldle.com/character/audiovisual/guess/archive/8%2F31%2F2026%2012:00:00%20AM
Call log:
  - navigating to "https://marveldle.com/character/audiovisual/guess/archive/8%2F31%2F2026%2012:00:00%20AM", waiting until "networkidle"

13:50:59  INFO       🔄 Retry #1 dans 4.1s…
13:51:02  INFO     ✔️  2026-08-31 — Andrew Garfield : ❌ Pas lui. (3/7 exacts, 2/7 partiels)
13:51:05  INFO     ▶️  2026-09-01 — Tom Holland…
13:51:07  INFO     ▶️  2026-09-01 — Andrew Garfield…
13:51:20  INFO     ✔️  2026-08-31 — Tobey Maguire : ❌ Pas lui. (3/7 exacts, 2/7 partiels)
13:51:21  INFO     ✔️  2026-09-01 — Tom Holland : ❌ Pas lui. (2/7 exacts, 1/7 partiels)
13:51:23  INFO     ✔️  2026-09-01 — Andrew Garfield : ❌ Pas lui. (2/7 exacts, 1/7 partiels)
13:51:25  INFO     ▶️  2026-09-01 — Tobey Maguire…
13:51:26  INFO     ▶️  2026-09-02 — Tom Holland…
13:51:33  INFO     ▶️  2026-09-02 — Andrew Garfield…
13:51:41  INFO     ✔️  2026-09-01 — Tobey Maguire : ❌ Pas lui. (2/7 exacts, 1/7 partiels)
13:51:42  INFO     ✔️  2026-09-02 — Tom Holland : ❌ Pas lui. (3/7 exacts, 1/7 partiels)
13:51:48  INFO     ▶️  2026-09-02 — Tobey Maguire…
13:51:49  INFO     ▶️  2026-09-03 — Tom Holland…
13:51:49  INFO     ✔️  2026-09-02 — Andrew Garfield : ❌ Pas lui. (3/7 exacts, 1/7 partiels)
13:51:55  INFO     ▶️  2026-09-03 — Andrew Garfield…
13:52:04  INFO     ✔️  2026-09-02 — Tobey Maguire : ❌ Pas lui. (3/7 exacts, 1/7 partiels)
13:52:05  INFO     ✔️  2026-09-03 — Tom Holland : ❌ Pas lui. (2/7 exacts, 1/7 partiels)
13:52:10  INFO     ▶️  2026-09-03 — Tobey Maguire…
13:52:11  INFO     ▶️  2026-09-04 — Tom Holland…
13:52:12  INFO     ✔️  2026-09-03 — Andrew Garfield : ❌ Pas lui. (2/7 exacts, 1/7 partiels)
13:52:18  INFO     ▶️  2026-09-04 — Andrew Garfield…
13:52:27  INFO     ✔️  2026-09-03 — Tobey Maguire : ❌ Pas lui. (2/7 exacts, 1/7 partiels)
13:52:27  INFO     ✔️  2026-09-04 — Tom Holland : ❌ Pas lui. (2/7 exacts, 1/7 partiels)
13:52:31  INFO     ▶️  2026-09-04 — Tobey Maguire…
13:52:33  INFO     ▶️  2026-09-05 — Tom Holland…
13:52:34  INFO     ✔️  2026-09-04 — Andrew Garfield : ❌ Pas lui. (3/7 exacts, 1/7 partiels)
13:52:41  INFO     ▶️  2026-09-05 — Andrew Garfield…
13:52:48  INFO     ✔️  2026-09-04 — Tobey Maguire : ❌ Pas lui. (3/7 exacts, 1/7 partiels)
13:52:49  INFO     ✔️  2026-09-05 — Tom Holland : ❌ Pas lui. (1/7 exacts, 1/7 partiels)
13:52:56  INFO     ▶️  2026-09-05 — Tobey Maguire…
13:52:57  INFO     ▶️  2026-09-06 — Tom Holland…
13:52:57  INFO     ✔️  2026-09-05 — Andrew Garfield : ❌ Pas lui. (1/7 exacts, 1/7 partiels)
13:53:05  INFO     ▶️  2026-09-06 — Andrew Garfield…
13:53:12  INFO     ✔️  2026-09-05 — Tobey Maguire : ❌ Pas lui. (1/7 exacts, 1/7 partiels)
13:53:13  INFO     ✔️  2026-09-06 — Tom Holland : ❌ Pas lui. (2/7 exacts, 1/7 partiels)
13:53:20  INFO     ▶️  2026-09-06 — Tobey Maguire…
13:53:21  INFO     ▶️  2026-09-07 — Tom Holland…
13:53:22  INFO     ✔️  2026-09-06 — Andrew Garfield : ❌ Pas lui. (3/7 exacts, 1/7 partiels)
13:53:31  INFO     ▶️  2026-09-07 — Andrew Garfield…
13:53:36  INFO     ✔️  2026-09-06 — Tobey Maguire : ❌ Pas lui. (3/7 exacts, 1/7 partiels)
13:53:37  INFO     ✔️  2026-09-07 — Tom Holland : ❌ Pas lui. (2/7 exacts, 2/7 partiels)
13:53:41  INFO     ▶️  2026-09-07 — Tobey Maguire…
13:53:46  INFO     ▶️  2026-09-08 — Tom Holland…
13:53:48  INFO     ✔️  2026-09-07 — Andrew Garfield : ❌ Pas lui. (2/7 exacts, 2/7 partiels)
13:53:55  INFO     ▶️  2026-09-08 — Andrew Garfield…
13:53:58  INFO     ✔️  2026-09-07 — Tobey Maguire : ❌ Pas lui. (2/7 exacts, 2/7 partiels)
13:54:02  INFO     ✔️  2026-09-08 — Tom Holland : ❌ Pas lui. (2/7 exacts, 1/7 partiels)
13:54:07  INFO     ▶️  2026-09-08 — Tobey Maguire…
13:54:11  INFO     ▶️  2026-09-09 — Tom Holland…
13:54:12  INFO     ✔️  2026-09-08 — Andrew Garfield : ❌ Pas lui. (2/7 exacts, 1/7 partiels)
13:54:19  INFO     ▶️  2026-09-09 — Andrew Garfield…
13:54:23  INFO     ✔️  2026-09-08 — Tobey Maguire : ❌ Pas lui. (2/7 exacts, 1/7 partiels)
13:54:27  INFO     ✔️  2026-09-09 — Tom Holland : ❌ Pas lui. (1/7 exacts, 1/7 partiels)
13:54:28  INFO     ▶️  2026-09-09 — Tobey Maguire…
13:54:34  INFO     ▶️  2026-09-10 — Tom Holland…
13:54:36  INFO     ✔️  2026-09-09 — Andrew Garfield : ❌ Pas lui. (1/7 exacts, 1/7 partiels)
13:54:44  INFO     ▶️  2026-09-10 — Andrew Garfield…
13:54:45  INFO     ✔️  2026-09-09 — Tobey Maguire : ❌ Pas lui. (1/7 exacts, 1/7 partiels)
13:54:49  INFO     ▶️  2026-09-10 — Tobey Maguire…
13:54:50  INFO     ✔️  2026-09-10 — Tom Holland : ❌ Pas lui. (3/7 exacts, 2/7 partiels)
13:55:00  INFO     ✔️  2026-09-10 — Andrew Garfield : ❌ Pas lui. (4/7 exacts, 2/7 partiels)
13:55:00  INFO     ▶️  2026-09-11 — Tom Holland…
13:55:05  INFO     ▶️  2026-09-11 — Andrew Garfield…
13:55:06  INFO     ✔️  2026-09-10 — Tobey Maguire : ❌ Pas lui. (4/7 exacts, 2/7 partiels)
13:55:11  INFO     ▶️  2026-09-11 — Tobey Maguire…
13:55:16  INFO     ✔️  2026-09-11 — Tom Holland : ❌ Pas lui. (1/7 exacts, 2/7 partiels)
13:55:21  INFO     ✔️  2026-09-11 — Andrew Garfield : ❌ Pas lui. (1/7 exacts, 2/7 partiels)
13:55:23  INFO     ▶️  2026-09-12 — Tom Holland…
13:55:26  INFO     ▶️  2026-09-12 — Andrew Garfield…
13:55:27  INFO     ✔️  2026-09-11 — Tobey Maguire : ❌ Pas lui. (1/7 exacts, 2/7 partiels)
13:55:36  INFO     ▶️  2026-09-12 — Tobey Maguire…
13:55:39  INFO     ✔️  2026-09-12 — Tom Holland : ❌ Pas lui. (3/7 exacts, 2/7 partiels)
13:55:43  INFO     ✔️  2026-09-12 — Andrew Garfield : ❌ Pas lui. (4/7 exacts, 2/7 partiels)
13:55:46  INFO     ▶️  2026-09-13 — Tom Holland…
13:55:52  INFO     ▶️  2026-09-13 — Andrew Garfield…
13:55:53  INFO     ✔️  2026-09-12 — Tobey Maguire : ❌ Pas lui. (4/7 exacts, 2/7 partiels)
13:55:59  INFO     ▶️  2026-09-13 — Tobey Maguire…
13:56:02  INFO     ✔️  2026-09-13 — Tom Holland : ❌ Pas lui. (3/7 exacts, 2/7 partiels)
13:56:08  INFO     ✔️  2026-09-13 — Andrew Garfield : ❌ Pas lui. (4/7 exacts, 2/7 partiels)
13:56:15  INFO     ✔️  2026-09-13 — Tobey Maguire : ❌ Pas lui. (4/7 exacts, 2/7 partiels)
13:56:23  INFO     ───────────────────────────────────────────────────────
13:56:23  INFO       🔀 FUSION dans database.json
13:56:23  INFO     ───────────────────────────────────────────────────────
13:56:24  INFO     ✅ 591 date(s) fusionnée(s). Base = 621 jours au total. Prochain jour live : 622.
16:38:02  INFO     🎯 Jour à jouer : 622
16:38:02  INFO     ═══════════════════════════════════════════════════════
16:38:02  INFO       Tom Holland
16:38:02  INFO     ═══════════════════════════════════════════════════════
16:38:20  INFO       ❌ Pas lui.
16:38:20  INFO       📊 Score : 1/7 exacts, 1/7 partiels (pondéré: 1.5)
16:38:20  INFO     ═══════════════════════════════════════════════════════
16:38:20  INFO       Andrew Garfield
16:38:20  INFO     ═══════════════════════════════════════════════════════
16:38:37  INFO       ❌ Pas lui.
16:38:37  INFO       📊 Score : 1/7 exacts, 1/7 partiels (pondéré: 1.5)
16:38:37  INFO     ═══════════════════════════════════════════════════════
16:38:37  INFO       Tobey Maguire
16:38:37  INFO     ═══════════════════════════════════════════════════════
16:38:54  INFO       ❌ Pas lui.
16:38:54  INFO       📊 Score : 1/7 exacts, 1/7 partiels (pondéré: 1.5)
16:38:54  INFO     ✅ database.json vérifié : jour 622 bien enregistré.
16:38:54  INFO     📅 Prochain jour : 623
16:38:54  INFO     ═══════════════════════════════════════════════════════
16:38:54  INFO       📋 RAPPORT DU 2026-09-14
16:38:54  INFO     ═══════════════════════════════════════════════════════
16:38:54  INFO       ❌ Tom Holland — Pas lui | 1/7 exacts, 1/7 partiels (pondéré: 1.5)
16:38:54  INFO       ❌ Andrew Garfield — Pas lui | 1/7 exacts, 1/7 partiels (pondéré: 1.5)
16:38:54  INFO       ❌ Tobey Maguire — Pas lui | 1/7 exacts, 1/7 partiels (pondéré: 1.5)
16:38:54  INFO     ───────────────────────────────────────────────────────
16:38:54  INFO       📊 STATS GLOBALES
16:38:54  INFO     ───────────────────────────────────────────────────────
16:38:54  INFO       Tom Holland : 3/622 parties (0.5%) | streak 0 —
16:38:54  INFO       Andrew Garfield : 2/622 parties (0.3%) | streak 0 —
16:38:54  INFO       Tobey Maguire : 2/622 parties (0.3%) | streak 0 —
16:38:54  INFO     🏁 Terminé.
